"datetime","date","account_type","category","type","asset_class","name","symbol","shares","price","amount","fee","tax","currency","original_amount","original_currency","fx_rate","description","transaction_id","counterparty_name","counterparty_iban","payment_reference","mcc_code"
"2025-07-27T13:19:37.461665Z","2025-07-27","DEFAULT","CASH","TRANSFER_INSTANT_INBOUND","","","","","","1.000000","","","EUR","","","","Incoming transfer from ROMEO TALLA FOTSING","424eaa0e-2c58-4651-aa44-7b5a953a5a64","","","",""
"2025-07-29T13:26:57.019251Z","2025-07-29","DEFAULT","CASH","TRANSFER_INSTANT_INBOUND","","","","","","39.000000","","","EUR","","","","Incoming transfer from ROMEO TALLA FOTSING","e95f0d7f-e43e-4fd6-b6ab-5dc0b1a435ce","","","",""
"2025-09-08T10:19:08.327Z","2025-09-08","DEFAULT","TRADING","BUY","STOCK","Hensoldt","DE000HAG0005","0.0093250000","91.1500000000","-0.85","","","EUR","","","","Buy trade DE000HAG0005 HENSOLDT AG INH O.N., quantity: 0.009325","0727b23c-23a7-4222-a59d-0c9bc60ef4f3","","","",""
"2025-09-08T10:19:08.327Z","2025-09-08","DEFAULT","TRADING","BUY","STOCK","Hensoldt","DE000HAG0005","1.0000000000","91.1500000000","-91.15","-1.00","","EUR","","","","Buy trade DE000HAG0005 HENSOLDT AG INH O.N., quantity: 1","a629c8cf-59e5-427d-9d60-e150262d0229","","","",""
"2025-09-08T10:25:32.083692Z","2025-09-08","DEFAULT","CASH","TRANSFER_INSTANT_INBOUND","","","","","","100.000000","","","EUR","","","","Incoming transfer from ROMEO TALLA FOTSING","53ff5df6-b9e9-4706-9b7e-909c42bd2b4b","","","",""
"2025-09-08T10:26:00.586Z","2025-09-08","DEFAULT","TRADING","BUY","STOCK","NVIDIA","US67066G1040","0.0041840000","143.4000000000","-0.60","","","EUR","","","","Buy trade US67066G1040 NVIDIA CORP.      DL-,001, quantity: 0.004184","1cf6e467-defb-4230-8695-cfdce5f7c8b1","","","",""
"2025-09-08T10:26:00.587Z","2025-09-08","DEFAULT","TRADING","BUY","STOCK","NVIDIA","US67066G1040","1.0000000000","143.4000000000","-143.40","-1.00","","EUR","","","","Buy trade US67066G1040 NVIDIA CORP.      DL-,001, quantity: 1","9758550e-bb56-4291-9669-769e8743d26a","","","",""
"2025-09-08T15:13:05.407427Z","2025-09-08","DEFAULT","CASH","TRANSFER_INSTANT_INBOUND","","","","","","100.000000","","","EUR","","","","Incoming transfer from ROMEO TALLA FOTSING","0d9897c9-c8fd-4778-968d-1a938e62e15e","","","",""
"2025-09-08T15:13:28.999Z","2025-09-08","DEFAULT","TRADING","BUY","STOCK","Siemens Energy","DE000ENER6Y0","1.0000000000","88.4600000000","-88.46","-1.00","","EUR","","","","Buy trade DE000ENER6Y0 SIEMENS ENERGY AG NA O.N., quantity: 1","c7a53c80-2e60-48ab-9f12-9783bb111234","","","",""
"2025-09-08T15:13:29.017Z","2025-09-08","DEFAULT","TRADING","BUY","STOCK","Siemens Energy","DE000ENER6Y0","0.0174080000","88.4600000000","-1.54","","","EUR","","","","Buy trade DE000ENER6Y0 SIEMENS ENERGY AG NA O.N., quantity: 0.017408","747eaf82-a1bb-436c-be67-e001ace15c63","","","",""
"2025-09-08T15:21:27.168762Z","2025-09-08","DEFAULT","CASH","TRANSFER_INSTANT_INBOUND","","","","","","50.000000","","","EUR","","","","Incoming transfer from ROMEO TALLA FOTSING","982366f6-521f-44fe-bd80-efb1401d2fee","","","",""
"2025-09-08T10:18:44.030553Z","2025-09-08","DEFAULT","CASH","TRANSFER_INSTANT_INBOUND","","","","","","100.000000","","","EUR","","","","Incoming transfer from ROMEO TALLA FOTSING","af3b470a-85d9-43a5-a66f-f48c9956c0b5","","","",""
"2025-09-08T15:23:18.402Z","2025-09-08","DEFAULT","TRADING","BUY","STOCK","Infineon Technologies","DE0006231004","0.8711990000","32.0650000000","-27.93","","","EUR","","","","Buy trade DE0006231004 INFINEON TECH.AG NA O.N., quantity: 0.871199","23d47dc4-4c9a-40f5-bef3-2d480cd8e83c","","","",""
"2025-09-08T15:23:18.424Z","2025-09-08","DEFAULT","TRADING","BUY","STOCK","Infineon Technologies","DE0006231004","1.0000000000","32.0650000000","-32.07","-1.00","","EUR","","","","Buy trade DE0006231004 INFINEON TECH.AG NA O.N., quantity: 1","433c455d-7391-4e56-999a-61950885dbc2","","","",""
"2025-09-09T18:49:58.647684Z","2025-09-09","DEFAULT","CASH","TRANSFER_INSTANT_INBOUND","","","","","","185.000000","","","EUR","","","","Incoming transfer from ROMEO TALLA FOTSING","e582d7a8-1263-40e7-9c23-1bc6a34c6822","","","",""
"2025-09-09T19:02:28.675360Z","2025-09-09","DEFAULT","CASH","TRANSFER_INSTANT_INBOUND","","","","","","50.000000","","","EUR","","","","Incoming transfer from ROMEO TALLA FOTSING","e25dd191-37d8-403a-9c16-c0e3cbb411d0","","","",""
"2025-09-09T18:52:07.229629Z","2025-09-09","DEFAULT","CASH","TRANSFER_INSTANT_INBOUND","","","","","","1.000000","","","EUR","","","","Incoming transfer from ROMEO TALLA FOTSING","9cf1e7fa-4740-4383-a0c1-7766064d658d","","","",""
"2025-09-09T19:04:22.991Z","2025-09-09","DEFAULT","TRADING","BUY","CRYPTO","Solana","SOL","1.0042940000","187.2140000000","-188.02","-1.00","","EUR","","","","Buy trade XF000SOL0012 Solana, quantity: 1.004294","afbcad62-3fc9-4099-9e9b-8900285f53e8","","","",""
"2025-09-09T19:08:33.772Z","2025-09-09","DEFAULT","TRADING","BUY","CRYPTO","XRP","XRP","4.3247640000","2.5434020000","-11.00","-1.00","","EUR","","","","Buy trade XF000XRP0018 XRP, quantity: 4.324764","230d489b-9016-478a-8352-d0c5a4b91285","","","",""
"2025-09-09T19:13:30.463Z","2025-09-09","DEFAULT","TRADING","BUY","CRYPTO","Cardano","ADA","13.4908160000","0.7412440000","-10.00","-1.00","","EUR","","","","Buy trade XF000ADA0018 Cardano, quantity: 13.490816","b14b2296-7649-45b6-96d4-0adb5bf4ccd1","","","",""
"2025-09-09T19:23:39.540Z","2025-09-09","DEFAULT","TRADING","BUY","STOCK","ThyssenKrupp","DE0007500001","2.0000000000","10.0550000000","-20.11","-1.00","","EUR","","","","Buy trade DE0007500001 THYSSENKRUPP AG O.N., quantity: 2","da29a441-a07c-49b7-9b99-80a529e4e573","","","",""
"2025-09-09T19:23:39.557Z","2025-09-09","DEFAULT","TRADING","BUY","STOCK","ThyssenKrupp","DE0007500001","0.1868780000","10.0550000000","-1.88","","","EUR","","","","Buy trade DE0007500001 THYSSENKRUPP AG O.N., quantity: 0.186878","969d0b29-b80f-44a2-9ae6-5cd0d9357879","","","",""
"2025-09-10T06:30:13.603Z","2025-09-10","DEFAULT","TRADING","SELL","STOCK","NVIDIA","US67066G1040","-0.0269570000","148.3800000000","4.00","-1.00","","EUR","","","","Sell trade US67066G1040 NVIDIA CORP.      DL-,001, quantity: 0.026957","70655a16-2cfd-4223-b0c9-8f308f9dd5d2","","","",""
"2025-09-10T06:34:03.974Z","2025-09-10","DEFAULT","TRADING","BUY","STOCK","NVIDIA","US67066G1040","0.3502150000","148.4800000000","-52.00","-1.00","","EUR","","","","Buy trade US67066G1040 NVIDIA CORP.      DL-,001, quantity: 0.350215","9b0d29d2-6ed3-47ac-99ce-e87af3ec296e","","","",""
"2025-09-10T18:16:25.056243Z","2025-09-10","DEFAULT","CASH","TRANSFER_INSTANT_INBOUND","","","","","","80.000000","","","EUR","","","","Incoming transfer from ROMEO TALLA FOTSING","de466bec-4087-4c0a-8202-9aaf20516527","","","",""
"2025-09-10T06:33:41.519298Z","2025-09-10","DEFAULT","CASH","TRANSFER_INSTANT_INBOUND","","","","","","50.000000","","","EUR","","","","Incoming transfer from ROMEO TALLA FOTSING","4c71c45a-503c-4c74-96ce-9f37f9f8b41a","","","",""
"2025-09-10T18:17:19.530Z","2025-09-10","DEFAULT","TRADING","BUY","STOCK","RENK Group","DE000RENK730","1.0000000000","69.6100000000","-69.61","-1.00","","EUR","","","","Buy trade DE000RENK730 RENK GROUP AG INH O.N., quantity: 1","b604100c-0247-458c-829f-5bd7424f8603","","","",""
"2025-09-10T18:17:19.540Z","2025-09-10","DEFAULT","TRADING","BUY","STOCK","RENK Group","DE000RENK730","0.1348940000","69.6100000000","-9.39","","","EUR","","","","Buy trade DE000RENK730 RENK GROUP AG INH O.N., quantity: 0.134894","728d465d-af9d-4e7c-8d16-17bcdeade476","","","",""
"2025-09-11T15:38:20.212Z","2025-09-11","DEFAULT","TRADING","BUY","STOCK","Palantir Technologies","US69608A1088","0.0524080000","141.5800000000","-7.42","","","EUR","","","","Buy trade US69608A1088 PALANTIR TECHNOLOGIES INC, quantity: 0.052408","33934593-6ada-44ba-a54e-3b261f040217","","","",""
"2025-09-11T15:38:20.242Z","2025-09-11","DEFAULT","TRADING","BUY","STOCK","Palantir Technologies","US69608A1088","1.0000000000","141.5800000000","-141.58","-1.00","","EUR","","","","Buy trade US69608A1088 PALANTIR TECHNOLOGIES INC, quantity: 1","8ef7b29c-5d9e-4ffb-bfb7-9db3512a4693","","","",""
"2025-09-11T15:41:23.138Z","2025-09-11","DEFAULT","TRADING","BUY","STOCK","RWE","DE0007037129","1.0000000000","35.8100000000","-35.81","-1.00","","EUR","","","","Buy trade DE0007037129 RWE AG ST O.N., quantity: 1","c7dc6691-719e-4fc2-ab45-33cbda29778b","","","",""
"2025-09-11T15:41:23.139Z","2025-09-11","DEFAULT","TRADING","BUY","STOCK","RWE","DE0007037129","0.3683320000","35.8100000000","-13.19","","","EUR","","","","Buy trade DE0007037129 RWE AG ST O.N., quantity: 0.368332","06d1bbf5-d51f-43e8-b726-11fcb04b32f9","","","",""
"2025-09-11T21:33:32.074Z","2025-09-11","DEFAULT","TRADING","BUY","CRYPTO","Chainlink","LINK","2.3671950000","20.6995000000","-49.00","-1.00","","EUR","","","","Buy trade XF000LINK010 Chainlink, quantity: 2.367195","c99405ed-4454-4ee5-aa95-c21cee2c3fe4","","","",""
"2025-09-11T21:46:42.733325Z","2025-09-11","DEFAULT","CASH","TRANSFER_INSTANT_INBOUND","","","","","","30.000000","","","EUR","","","","Incoming transfer from ROMEO TALLA FOTSING","61d73e9b-080e-4b38-8e9c-cfa53831534d","","","",""
"2025-09-11T21:32:18.901194Z","2025-09-11","DEFAULT","CASH","TRANSFER_INSTANT_INBOUND","","","","","","49.010000","","","EUR","","","","Incoming transfer from ROMEO TALLA FOTSING","831bbaff-b1d8-4fce-ba2e-95946db4c5c9","","","",""
"2025-09-11T15:36:27.161817Z","2025-09-11","DEFAULT","CASH","TRANSFER_INSTANT_INBOUND","","","","","","200.000000","","","EUR","","","","Incoming transfer from ROMEO TALLA FOTSING","c3f80c0e-b161-4698-a026-5e62bb5941db","","","",""
"2025-09-11T21:48:23.004Z","2025-09-11","DEFAULT","TRADING","BUY","CRYPTO","Render","XF0RENDER015","3.1700000000","3.4638700000","-10.98","-1.00","","EUR","","","","Buy trade XF0RENDER015 Render Token, quantity: 3.17","46bdf702-e375-4a1f-85a5-70d506e3a587","","","",""
"2025-09-11T21:48:44.149Z","2025-09-11","DEFAULT","TRADING","BUY","CRYPTO","Polkadot","DOT","4.6917380000","3.6233900000","-17.00","-1.00","","EUR","","","","Buy trade XF000DOT0011 Polkadot, quantity: 4.691738","c890608d-0d09-41fc-9e89-ee26200b50dc","","","",""
"2025-09-16T15:08:11.260561Z","2025-09-16","DEFAULT","CASH","TRANSFER_INSTANT_INBOUND","","","","","","81.000000","","","EUR","","","","Incoming transfer from ROMEO TALLA FOTSING","61a8a189-a7cf-4d84-9a65-f99f55ab70b0","","","",""
"2025-09-16T15:57:33.005Z","2025-09-16","DEFAULT","TRADING","BUY","STOCK","Siltronic","DE000WAF3001","2.0000000000","40.0000000000","-80.00","-1.00","","EUR","","","","Buy trade DE000WAF3001 SILTRONIC AG NA O.N., quantity: 2","843e4bdb-8491-4a40-9200-1811f4bccb8f","","","",""
"2025-09-24T13:58:56.299Z","2025-09-24","DEFAULT","TRADING","SELL","STOCK","Siltronic","DE000WAF3001","-1.0000000000","45.8800000000","45.88","-1.00","-0.91","EUR","","","","Sell trade DE000WAF3001 SILTRONIC AG NA O.N., quantity: 1","cbf4cb4f-76f8-44a7-a41c-d83a924513dc","","","",""
"2025-09-24T13:59:17.309Z","2025-09-24","DEFAULT","TRADING","SELL","STOCK","Hensoldt","DE000HAG0005","-0.5046620000","101.7000000000","51.32","-1.00","-1.01","EUR","","","","Sell trade DE000HAG0005 HENSOLDT AG INH O.N., quantity: 0.504662","9ab2f83f-199c-4ca1-a957-b1b00150017e","","","",""
"2025-09-24T15:11:04.884Z","2025-09-24","DEFAULT","TRADING","SELL","STOCK","NVIDIA","US67066G1040","-1.0000000000","151.5600000000","151.56","-1.00","-1.58","EUR","","","","Sell trade US67066G1040 NVIDIA CORP.      DL-,001, quantity: 1","52626e11-e7d6-4e38-b12e-b69767dc709b","","","",""
"2025-09-24T15:11:04.891Z","2025-09-24","DEFAULT","TRADING","SELL","STOCK","NVIDIA","US67066G1040","-0.3274420000","151.5600000000","49.63","","-0.02","EUR","","","","Sell trade US67066G1040 NVIDIA CORP.      DL-,001, quantity: 0.327442","1c3be71a-9264-4229-8bf9-a62107f2cc26","","","",""
"2025-09-24T15:11:16.294Z","2025-09-24","DEFAULT","TRADING","SELL","STOCK","Palantir Technologies","US69608A1088","-1.0000000000","153.4600000000","153.46","-1.00","-2.60","EUR","","","","Sell trade US69608A1088 PALANTIR TECHNOLOGIES INC, quantity: 1","90fc9d75-3c7d-4aa2-9bc8-fbb368cd4f73","","","",""
"2025-09-24T15:11:16.295Z","2025-09-24","DEFAULT","TRADING","SELL","STOCK","Palantir Technologies","US69608A1088","-0.0524080000","153.4600000000","8.04","","-0.16","EUR","","","","Sell trade US69608A1088 PALANTIR TECHNOLOGIES INC, quantity: 0.052408","94edbb6f-65fb-4199-b573-d875dbd39b1a","","","",""
"2025-09-24T15:11:31.169Z","2025-09-24","DEFAULT","TRADING","SELL","STOCK","Siemens Energy","DE000ENER6Y0","-0.0174080000","98.4800000000","1.71","","-0.04","EUR","","","","Sell trade DE000ENER6Y0 SIEMENS ENERGY AG NA O.N., quantity: 0.017408","c77b1b6d-0a52-47f5-9e89-ba5cbb99cce9","","","",""
"2025-09-24T15:11:31.176Z","2025-09-24","DEFAULT","TRADING","SELL","STOCK","Siemens Energy","DE000ENER6Y0","-1.0000000000","98.4800000000","98.48","-1.00","-2.12","EUR","","","","Sell trade DE000ENER6Y0 SIEMENS ENERGY AG NA O.N., quantity: 1","62108128-f1d7-4402-bcfa-1a431975973b","","","",""
"2025-09-24T15:11:42.451Z","2025-09-24","DEFAULT","TRADING","SELL","STOCK","RENK Group","DE000RENK730","-1.0000000000","77.7900000000","77.79","-1.00","-1.63","EUR","","","","Sell trade DE000RENK730 RENK GROUP AG INH O.N., quantity: 1","8130528c-7438-4c56-bd56-9c8d9db4981d","","","",""
"2025-09-24T15:11:43.331Z","2025-09-24","DEFAULT","TRADING","SELL","STOCK","RENK Group","DE000RENK730","-0.1348940000","77.7900000000","10.49","","-0.29","EUR","","","","Sell trade DE000RENK730 RENK GROUP AG INH O.N., quantity: 0.134894","fc206dc8-7072-45b6-a758-df4c93091461","","","",""
"2025-09-24T15:14:02.517Z","2025-09-24","DEFAULT","TRADING","SELL","STOCK","Hensoldt","DE000HAG0005","-0.5046630000","103.8000000000","52.38","-1.00","-1.28","EUR","","","","Sell trade DE000HAG0005 HENSOLDT AG INH O.N., quantity: 0.504663","4179a9f3-febc-42bd-909a-f314eac0a02b","","","",""
"2025-09-24T15:14:14.620Z","2025-09-24","DEFAULT","TRADING","SELL","STOCK","Siltronic","DE000WAF3001","-1.0000000000","46.4200000000","46.42","-1.00","-1.29","EUR","","","","Sell trade DE000WAF3001 SILTRONIC AG NA O.N., quantity: 1","70ee0076-c41d-4cf9-9163-41abc36cf1eb","","","",""
"2025-09-24T15:18:59.504Z","2025-09-24","DEFAULT","TRADING","SELL","STOCK","ThyssenKrupp","DE0007500001","-0.1868780000","11.6300000000","2.17","","-0.07","EUR","","","","Sell trade DE0007500001 THYSSENKRUPP AG O.N., quantity: 0.186878","41494ede-1bcc-495f-9e3a-632c91b78360","","","",""
"2025-09-24T15:18:59.505Z","2025-09-24","DEFAULT","TRADING","SELL","STOCK","ThyssenKrupp","DE0007500001","-2.0000000000","11.6300000000","23.26","-1.00","-0.30","EUR","","","","Sell trade DE0007500001 THYSSENKRUPP AG O.N., quantity: 2","31914c2c-a85f-49f5-a3ee-8346e24e8cf2","","","",""
"2025-09-26T18:59:41.102Z","2025-09-26","DEFAULT","TRADING","BUY","STOCK","D-Wave Quantum","US26740W1099","4.0000000000","22.8300000000","-91.32","-1.00","","EUR","","","","Buy trade US26740W1099 D-WAVE QUATUM    DL-,0001, quantity: 4","b0d8db12-40f9-40ef-a08e-4282f99648db","","","",""
"2025-09-26T18:59:41.103Z","2025-09-26","DEFAULT","TRADING","BUY","STOCK","D-Wave Quantum","US26740W1099","0.3345000000","22.8300000000","-7.64","","","EUR","","","","Buy trade US26740W1099 D-WAVE QUATUM    DL-,0001, quantity: 0.3345","e8af7d9f-3ebf-4b33-b4aa-fe094e0e7ba1","","","",""
"2025-09-26T20:41:28.161633Z","2025-09-26","DEFAULT","CASH","TRANSFER_INSTANT_INBOUND","","","","","","100.000000","","","EUR","","","","Incoming transfer from ROMEO TALLA FOTSING","2e0f9168-1066-423d-aac1-119d9c35d48c","","","",""
"2025-09-26T05:39:23.655211Z","2025-09-26","DEFAULT","CASH","TRANSFER_INSTANT_OUTBOUND","","","","","","-750.000000","","","EUR","","","","Outgoing transfer for ROMEO TALLA FOTSING","f0a439b8-f85d-4b78-ba89-8d2ef510e8a9","","","",""
"2025-09-26T18:55:42.129484Z","2025-09-26","DEFAULT","CASH","TRANSFER_INSTANT_INBOUND","","","","","","100.000000","","","EUR","","","","Incoming transfer from ROMEO TALLA FOTSING","6c514324-6f4c-4ebf-ba57-957ab9778f81","","","",""
"2025-09-28T10:53:57.966322Z","2025-09-28","DEFAULT","CASH","TRANSFER_INSTANT_OUTBOUND","","","","","","-100.000000","","","EUR","","","","Outgoing transfer for ROMEO TALLA FOTSING","9df58345-e9a3-4ec8-9d96-9d7c9464fbfd","","","",""
"2025-09-30T07:47:28.038552Z","2025-09-30","DEFAULT","CASH","TRANSFER_INSTANT_INBOUND","","","","","","51.000000","","","EUR","","","","Incoming transfer from ROMEO TALLA FOTSING","de0f47bd-6050-4d2d-90f4-4ef569a2a7a2","","","",""
"2025-09-30T07:48:41.424Z","2025-09-30","DEFAULT","TRADING","BUY","STOCK","DroneShield","AU000000DRO2","17.0000000000","2.8000000000","-47.60","-1.00","","EUR","","","","Buy trade AU000000DRO2 DRONESHIELD LTD, quantity: 17.0","e9d1ff9c-c984-44cf-819c-8f6e1583d1ab","","","",""
"2025-09-30T07:48:41.425Z","2025-09-30","DEFAULT","TRADING","BUY","STOCK","DroneShield","AU000000DRO2","0.8571420000","2.8000000000","-2.40","","","EUR","","","","Buy trade AU000000DRO2 DRONESHIELD LTD, quantity: 0.857142","f5260dcb-89e2-4ce1-895e-36e76b38e469","","","",""
"2025-10-01T13:17:14.425Z","2025-10-01","DEFAULT","TRADING","BUY","STOCK","D-Wave Quantum","US26740W1099","2.0000000000","20.7200000000","-41.44","-1.00","","EUR","","","","Buy trade US26740W1099 D-WAVE QUATUM    DL-,0001, quantity: 2","3fb17192-e942-4fcf-97e3-ebaf27ac9707","","","",""
"2025-10-01T13:17:14.425Z","2025-10-01","DEFAULT","TRADING","BUY","STOCK","D-Wave Quantum","US26740W1099","0.3648640000","20.7200000000","-7.56","","","EUR","","","","Buy trade US26740W1099 D-WAVE QUATUM    DL-,0001, quantity: 0.364864","2704b2b6-ebf1-4217-80c8-fedb081f9d3f","","","",""
"2025-10-01T13:17:27.166382Z","2025-10-01","DEFAULT","CASH","TRANSFER_INSTANT_INBOUND","","","","","","50.000000","","","EUR","","","","Incoming transfer from ROMEO TALLA FOTSING","dd9893cb-efdd-4a57-aaa1-f47196f8e9a6","","","",""
"2025-10-02T15:13:13.816395Z","2025-10-02","DEFAULT","CASH","DIVIDEND","STOCK","NVIDIA","US67066G1040","1.3274420000","","0.010000","","","EUR","0.01","USD","0.852951","Cash Dividend for ISIN US67066G1040","543c1bc9-305b-4c82-acbb-80d06475a7e7","","","",""
"2025-10-02T15:15:51.906Z","2025-10-02","DEFAULT","TRADING","SELL","CRYPTO","Solana","SOL","-1.0042940000","190.2790000000","191.10","-1.00","","EUR","","","","Sell trade XF000SOL0012 Solana, quantity: 1.004294","71e1f49a-908b-4af9-900d-ee1e7fb49247","","","",""
"2025-10-02T16:05:06.967Z","2025-10-02","DEFAULT","TRADING","SELL","STOCK","Infineon Technologies","DE0006231004","-1.0000000000","34.2850000000","34.29","-1.00","-0.29","EUR","","","","Sell trade DE0006231004 INFINEON TECH.AG NA O.N., quantity: 1","0567ef5b-9b1c-46e5-aa2f-65ca1a47cc42","","","",""
"2025-10-02T16:05:07.055Z","2025-10-02","DEFAULT","TRADING","SELL","STOCK","Infineon Technologies","DE0006231004","-0.8711990000","34.2850000000","29.87","","-0.28","EUR","","","","Sell trade DE0006231004 INFINEON TECH.AG NA O.N., quantity: 0.871199","ed8e8b30-f429-4bb8-833e-6464f7c09d12","","","",""
"2025-10-02T16:05:22.348Z","2025-10-02","DEFAULT","TRADING","SELL","STOCK","RWE","DE0007037129","-1.0000000000","39.0800000000","39.08","-1.00","-0.33","EUR","","","","Sell trade DE0007037129 RWE AG ST O.N., quantity: 1","780ce208-7f07-43f1-80d2-771b024017a4","","","",""
"2025-10-02T16:05:22.895Z","2025-10-02","DEFAULT","TRADING","SELL","STOCK","RWE","DE0007037129","-0.3683320000","39.0800000000","14.39","","-0.31","EUR","","","","Sell trade DE0007037129 RWE AG ST O.N., quantity: 0.368332","c0d03e66-34b5-4cc5-a1a7-d5a522e940d1","","","",""
"2025-10-02T16:08:10.855Z","2025-10-02","DEFAULT","TRADING","BUY","STOCK","DroneShield","AU000000DRO2","39.0000000000","2.8900000000","-112.71","-1.00","","EUR","","","","Buy trade AU000000DRO2 DRONESHIELD LTD, quantity: 39.0","7fe00626-6bbf-4c2f-9be5-d614a297e05e","","","",""
"2025-10-02T16:08:13.179Z","2025-10-02","DEFAULT","TRADING","BUY","STOCK","DroneShield","AU000000DRO2","0.3782380000","2.8900000000","-1.09","","","EUR","","","","Buy trade AU000000DRO2 DRONESHIELD LTD, quantity: 0.378238","0de11250-3d7b-4ad1-85cb-49bb5b6fe18e","","","",""
"2025-10-02T16:49:33.691Z","2025-10-02","DEFAULT","TRADING","BUY","STOCK","DroneShield","AU000000DRO2","6.0000000000","2.8550000000","-17.13","-1.00","","EUR","","","","Buy trade AU000000DRO2 DRONESHIELD LTD, quantity: 6.0","61c89198-4ff7-4093-9b53-9af514a6b72e","","","",""
"2025-10-02T16:49:34.943Z","2025-10-02","DEFAULT","TRADING","BUY","STOCK","DroneShield","AU000000DRO2","0.6549910000","2.8550000000","-1.87","","","EUR","","","","Buy trade AU000000DRO2 DRONESHIELD LTD, quantity: 0.654991","407e0b05-c948-490d-870f-df9dcfdb854f","","","",""
"2025-10-02T16:50:17.314Z","2025-10-02","DEFAULT","TRADING","BUY","STOCK","DroneShield","AU000000DRO2","59.0000000000","2.8650000000","-169.04","-1.00","","EUR","","","","Buy trade AU000000DRO2 DRONESHIELD LTD, quantity: 59.0","d0afae04-ccd5-43ea-b23d-af6e555caccc","","","",""
"2025-10-02T16:50:17.412Z","2025-10-02","DEFAULT","TRADING","BUY","STOCK","DroneShield","AU000000DRO2","0.3368230000","2.8650000000","-0.96","","","EUR","","","","Buy trade AU000000DRO2 DRONESHIELD LTD, quantity: 0.336823","f8b5b4c9-cd05-4610-a2a0-2b2c53958e92","","","",""
"2025-10-07T20:22:44.645964Z","2025-10-07","DEFAULT","CASH","TRANSFER_INSTANT_INBOUND","","","","","","250.000000","","","EUR","","","","Incoming transfer from ROMEO TALLA FOTSING","d1cd4309-2287-443e-bac9-8ddaff499ae4","","","",""
"2025-10-07T20:52:47.315Z","2025-10-07","DEFAULT","TRADING","BUY","STOCK","Plug Power","US72919P2020","30.0000000000","3.2720000000","-98.16","-1.00","","EUR","","","","Buy trade US72919P2020 PLUG POWER INC. DL-,01, quantity: 30","b9a6d735-d0cd-4364-a2a8-63b1b1963969","","","",""
"2025-10-07T20:52:47.320Z","2025-10-07","DEFAULT","TRADING","BUY","STOCK","Plug Power","US72919P2020","0.5623470000","3.2720000000","-1.84","","","EUR","","","","Buy trade US72919P2020 PLUG POWER INC. DL-,01, quantity: 0.562347","476fa4a4-29d1-47b4-8916-a3bdee93f01e","","","",""
"2025-10-07T20:54:52.343Z","2025-10-07","DEFAULT","TRADING","BUY","STOCK","BTQ Technologies","CA0558691014","0.9672130000","12.1000000000","-11.70","","","EUR","","","","Buy trade CA0558691014 BTQ TECHNOLOGIES CORP., quantity: 0.967213","25ff77af-b300-4b1d-bef3-cbc834003afd","","","",""
"2025-10-07T20:54:52.344Z","2025-10-07","DEFAULT","TRADING","BUY","STOCK","BTQ Technologies","CA0558691014","11.0000000000","12.1000000000","-133.10","-1.00","","EUR","","","","Buy trade CA0558691014 BTQ TECHNOLOGIES CORP., quantity: 11.0","bde76b32-52df-4a4a-96d9-11d41a6b06c9","","","",""
"2025-10-08T07:06:06.165Z","2025-10-08","DEFAULT","TRADING","SELL","STOCK","DroneShield","AU000000DRO2","-123.0000000000","3.6300000000","446.49","-1.00","-23.55","EUR","","","","Sell trade AU000000DRO2 DRONESHIELD LTD, quantity: 123.0","a7b733e5-964c-445b-8826-1b676c1dbe56","","","",""
"2025-10-08T07:06:06.174Z","2025-10-08","DEFAULT","TRADING","SELL","STOCK","DroneShield","AU000000DRO2","-0.2271940000","3.6300000000","0.82","","-0.05","EUR","","","","Sell trade AU000000DRO2 DRONESHIELD LTD, quantity: 0.227194","dc2b5083-1450-41ad-908f-d465d932b914","","","",""
"2025-10-08T07:07:32.338Z","2025-10-08","DEFAULT","TRADING","SELL","STOCK","D-Wave Quantum","US26740W1099","-6.0000000000","31.3500000000","188.10","-1.00","-13.66","EUR","","","","Sell trade US26740W1099 D-WAVE QUATUM    DL-,0001, quantity: 6","29eb24f0-97e7-485f-add2-535c330b0fba","","","",""
"2025-10-08T07:07:32.341Z","2025-10-08","DEFAULT","TRADING","SELL","STOCK","D-Wave Quantum","US26740W1099","-0.6993640000","31.3500000000","21.93","","-1.92","EUR","","","","Sell trade US26740W1099 D-WAVE QUATUM    DL-,0001, quantity: 0.699364","41da30b5-cf30-42ae-ab1d-a819db75691a","","","",""
"2025-10-09T20:04:19.097749Z","2025-10-09","DEFAULT","CASH","TRANSFER_INSTANT_INBOUND","","","","","","100.000000","","","EUR","","","","Incoming transfer from ROMEO TALLA FOTSING","bd9b8b5b-a989-48ae-9336-6edccbeb937d","","","",""
"2025-10-09T20:05:13.925Z","2025-10-09","DEFAULT","TRADING","BUY","STOCK","UiPath ","US90364P1057","0.2112390000","16.0840000000","-3.40","","","EUR","","","","Buy trade US90364P1057 UIPATH INC.   A DL-,00001, quantity: 0.211239","bbad0a21-06b2-488d-b9f3-235db0c87a4c","","","",""
"2025-10-09T20:05:13.925Z","2025-10-09","DEFAULT","TRADING","BUY","STOCK","UiPath ","US90364P1057","7.0000000000","16.0840000000","-112.59","-1.00","","EUR","","","","Buy trade US90364P1057 UIPATH INC.   A DL-,00001, quantity: 7.0","0ba4e127-eff1-4ce8-80d3-51fc8f503d44","","","",""
"2025-10-09T20:29:25.616107Z","2025-10-09","DEFAULT","CASH","TRANSFER_INSTANT_INBOUND","","","","","","100.000000","","","EUR","","","","Incoming transfer from ROMEO TALLA FOTSING","175a0829-f92c-4255-8ab7-bd3e8a87d42a","","","",""
"2025-10-09T06:39:37.711398Z","2025-10-09","DEFAULT","CASH","TRANSFER_INSTANT_OUTBOUND","","","","","","-600.000000","","","EUR","","","","Outgoing transfer for ROMEO TALLA FOTSING","795b30d7-2a1d-42c8-b16a-a03486fcc4d9","","","",""
"2025-10-09T20:30:36.442Z","2025-10-09","DEFAULT","TRADING","BUY","CRYPTO","XRP","XRP","10.3145560000","2.4239180000","-25.00","-1.00","","EUR","","","","Buy trade XF000XRP0018 XRP, quantity: 10.314556","7014c662-3be2-46cc-a9c9-ee39df4da837","","","",""
"2025-10-09T20:30:53.424Z","2025-10-09","DEFAULT","TRADING","BUY","CRYPTO","Cardano","ADA","28.4489760000","0.7028280000","-19.99","-1.00","","EUR","","","","Buy trade XF000ADA0018 Cardano, quantity: 28.448976","9a77e70f-a797-4e1f-b066-d2ddedd8fca1","","","",""
"2025-10-09T20:31:54.641Z","2025-10-09","DEFAULT","TRADING","BUY","CRYPTO","Polkadot","DOT","7.1401030000","3.5003400000","-24.99","-1.00","","EUR","","","","Buy trade XF000DOT0011 Polkadot, quantity: 7.140103","ab532230-9c48-4908-917b-79750fa74442","","","",""
"2025-10-09T20:32:07.789Z","2025-10-09","DEFAULT","TRADING","BUY","CRYPTO","Render","XF0RENDER015","8.6900000000","2.8759800000","-24.99","-1.00","","EUR","","","","Buy trade XF0RENDER015 Render Token, quantity: 8.69","bc75428a-02af-41ef-987c-ce6003a0c932","","","",""
"2025-12-05T10:04:16.948Z","2025-12-05","DEFAULT","TRADING","BUY","STOCK","DroneShield","AU000000DRO2","0.7751370000","1.0940000000","-0.85","","","EUR","","","","Buy trade AU000000DRO2 DRONESHIELD LTD, quantity: 0.775137","cd99ce49-e49b-4c4c-92c0-4c0428c1978a","","","",""
"2025-12-05T10:04:16.950Z","2025-12-05","DEFAULT","TRADING","BUY","STOCK","DroneShield","AU000000DRO2","108.0000000000","1.0940000000","-118.15","-1.00","","EUR","","","","Buy trade AU000000DRO2 DRONESHIELD LTD, quantity: 108.0","3da85001-f286-48e7-a1b1-9958631c1664","","","",""
"2025-12-05T10:23:01.672645Z","2025-12-05","DEFAULT","CASH","TRANSFER_INSTANT_INBOUND","","","","","","100.000000","","","EUR","","","","Incoming transfer from ROMEO TALLA FOTSING (DE16300209005310514271)","019aee09-5a28-7927-8993-f42134793bea","","","",""
"2025-12-05T10:02:22.725863Z","2025-12-05","DEFAULT","CASH","TRANSFER_INSTANT_INBOUND","","","","","","17.700000","","","EUR","","","","Incoming transfer from ROMEO TALLA FOTSING (DE16300209005310514271)","019aedf6-7285-7bf7-a42b-a6b28d7cfa76","","","",""
"2025-12-05T10:00:13.749832Z","2025-12-05","DEFAULT","CASH","TRANSFER_INSTANT_INBOUND","","","","","","100.000000","","","EUR","","","","Incoming transfer from ROMEO TALLA FOTSING (DE16300209005310514271)","019aedf4-7ab5-7bee-95a6-4e2951b5df11","","","",""
"2025-12-05T10:24:13.084Z","2025-12-05","DEFAULT","TRADING","BUY","CRYPTO","Cardano","ADA","134.1730770000","0.3726310000","-50.00","-1.00","","EUR","","","","Buy trade XF000ADA0018 Cardano, quantity: 134.173077","32077172-03ad-40a3-adf7-df97720afa17","","","",""
"2025-12-05T10:25:21.502Z","2025-12-05","DEFAULT","TRADING","BUY","CRYPTO","XRP","XRP","26.3728170000","1.7824240000","-47.01","-1.00","","EUR","","","","Buy trade XF000XRP0018 XRP, quantity: 26.372817","c0a5bd9e-4f96-4aae-8efc-02335fd171d9","","","",""
"2025-12-08T06:48:37.172Z","2025-12-08","DEFAULT","TRADING","BUY","STOCK","BTQ Technologies","CA0558691014","8.0000000000","5.7500000000","-46.00","-1.00","","EUR","","","","Buy trade CA0558691014 BTQ TECHNOLOGIES CORP., quantity: 8.0","a3277adf-8d14-44b2-be20-3489ebf38378","","","",""
"2025-12-08T06:48:37.172Z","2025-12-08","DEFAULT","TRADING","BUY","STOCK","BTQ Technologies","CA0558691014","0.6956520000","5.7500000000","-4.00","","","EUR","","","","Buy trade CA0558691014 BTQ TECHNOLOGIES CORP., quantity: 0.695652","563adad6-c87f-4a6d-9533-5e2c8ae57537","","","",""
"2025-12-08T09:04:34.119690Z","2025-12-08","DEFAULT","CASH","GIFT","","","","","","21.000000","","","EUR","","","","Gift lottery order: Transfer from marketing stock perk to recipient cash account for lottery e16b9a9c-8d4d-4e83-802c-ffe2560ba6b0","019afd34-9947-7eca-8998-30cc305d5b1c","","","",""
"2025-12-08T06:48:01.619367Z","2025-12-08","DEFAULT","CASH","TRANSFER_INSTANT_INBOUND","","","","","","50.000000","","","EUR","","","","Incoming transfer from ROMEO TALLA FOTSING (DE16300209005310514271)","019afcb7-9753-7e2a-886b-c96c3285d822","","","",""
"2025-12-08T09:04:46.709Z","2025-12-08","DEFAULT","TRADING","BUY","STOCK","Bayer","DE000BAY0017","0.5819140000","34.3350000000","-19.98","-1.00","","EUR","","","","Buy trade DE000BAY0017 BAYER AG O.N., quantity: 0.581914","de01d30c-03a3-4e78-a600-5e2e0b3f3ba9","","","",""
"2025-12-09T13:01:01.822Z","2025-12-09","DEFAULT","TRADING","BUY","STOCK","D-Wave Quantum","US26740W1099","0.2753800000","24.3200000000","-6.70","","","EUR","","","","Buy trade US26740W1099 D-WAVE QUATUM    DL-,0001, quantity: 0.27538","21b41f69-1308-4d47-857d-39a154490a6e","","","",""
"2025-12-09T13:01:01.824Z","2025-12-09","DEFAULT","TRADING","BUY","STOCK","D-Wave Quantum","US26740W1099","10.0000000000","24.3200000000","-243.20","-1.00","","EUR","","","","Buy trade US26740W1099 D-WAVE QUATUM    DL-,0001, quantity: 10.0","bca0a9f2-b9a3-42f8-b82d-991180d5ba51","","","",""
"2025-12-09T18:24:59.262682Z","2025-12-09","DEFAULT","CASH","TRANSFER_INSTANT_INBOUND","","","","","","90.000000","","","EUR","","","","Incoming transfer from ROMEO TALLA FOTSING (DE16300209005310514271)","019b045c-097e-78e6-9baf-b2ce8fe2f02e","","","",""
"2025-12-09T13:00:27.834802Z","2025-12-09","DEFAULT","CASH","TRANSFER_INSTANT_INBOUND","","","","","","251.000000","","","EUR","","","","Incoming transfer from ROMEO TALLA FOTSING (DE16300209005310514271)","019b0332-ed3a-70dd-92f1-cc5fa2ec3a66","","","",""
"2025-12-09T18:26:00.929Z","2025-12-09","DEFAULT","TRADING","BUY","CRYPTO","Render","XF0RENDER015","13.0400000000","1.5338300000","-20.00","-1.00","","EUR","","","","Buy trade XF0RENDER015 Render Token, quantity: 13.04","7dff909e-ba7d-4308-9f49-ff3eba93466a","","","",""
"2025-12-09T18:26:27.247Z","2025-12-09","DEFAULT","TRADING","BUY","CRYPTO","Polkadot","DOT","10.8578160000","2.0261900000","-22.00","-1.00","","EUR","","","","Buy trade XF000DOT0011 Polkadot, quantity: 10.857816","ae3825d2-80ce-4336-b0d7-815f774a39d4","","","",""
"2025-12-09T18:27:04.803Z","2025-12-09","DEFAULT","TRADING","BUY","CRYPTO","Chainlink","LINK","3.5138130000","12.8067000000","-45.00","-1.00","","EUR","","","","Buy trade XF000LINK010 Chainlink, quantity: 3.513813","8a76fb67-26ef-43a6-b6c4-ba1a451d7c7d","","","",""
"2025-12-10T08:40:25.608Z","2025-12-10","DEFAULT","TRADING","BUY","STOCK","BTQ Technologies","CA0558691014","0.1666660000","5.9500000000","-0.99","","","EUR","","","","Buy trade CA0558691014 BTQ TECHNOLOGIES CORP., quantity: 0.166666","4ac82ffd-e8df-46b5-844b-4b0ca7cd1763","","","",""
"2025-12-10T08:40:25.615Z","2025-12-10","DEFAULT","TRADING","BUY","STOCK","BTQ Technologies","CA0558691014","10.0000000000","5.9500000000","-59.50","-1.00","","EUR","","","","Buy trade CA0558691014 BTQ TECHNOLOGIES CORP., quantity: 10.0","d28eaf93-b986-4a65-937f-ac0aacd130a3","","","",""
"2025-12-10T08:40:55.046Z","2025-12-10","DEFAULT","TRADING","BUY","STOCK","Bayer","DE000BAY0017","1.0000000000","36.1950000000","-36.20","-1.00","","EUR","","","","Buy trade DE000BAY0017 BAYER AG O.N., quantity: 1","ab0d2967-1920-4dc8-9561-917edb7fa438","","","",""
"2025-12-10T08:40:55.049Z","2025-12-10","DEFAULT","TRADING","BUY","STOCK","Bayer","DE000BAY0017","0.0222400000","36.1950000000","-0.80","","","EUR","","","","Buy trade DE000BAY0017 BAYER AG O.N., quantity: 0.02224","4ee71448-88ce-45e8-8083-19a32493b161","","","",""
"2025-12-10T11:20:09.887Z","2025-12-10","DEFAULT","TRADING","BUY","STOCK","D-Wave Quantum","US26740W1099","0.1674240000","24.1900000000","-4.05","","","EUR","","","","Buy trade US26740W1099 D-WAVE QUATUM    DL-,0001, quantity: 0.167424","cdc7a0b4-7216-400c-8cc8-f1627e30e557","","","",""
"2025-12-10T11:20:09.888Z","2025-12-10","DEFAULT","TRADING","BUY","STOCK","D-Wave Quantum","US26740W1099","5.0000000000","24.1900000000","-120.95","-1.00","","EUR","","","","Buy trade US26740W1099 D-WAVE QUATUM    DL-,0001, quantity: 5.0","13bd4217-bf26-4141-885c-bbadca60938f","","","",""
"2025-12-10T21:58:26.549752Z","2025-12-10","DEFAULT","CASH","TRANSFER_INSTANT_INBOUND","","","","","","200.000000","","","EUR","","","","Incoming transfer from ROMEO TALLA FOTSING (DE16300209005310514271)","019b0a45-d1f5-7ec1-88b3-0fcd5a31114c","","","",""
"2025-12-10T08:37:21.593180Z","2025-12-10","DEFAULT","CASH","TRANSFER_INSTANT_INBOUND","","","","","","100.000000","","","EUR","","","","Incoming transfer from ROMEO TALLA FOTSING (DE16300209005310514271)","019b0768-6839-701d-9459-43a506c4146d","","","",""
"2025-12-10T11:19:34.152907Z","2025-12-10","DEFAULT","CASH","TRANSFER_INSTANT_INBOUND","","","","","","126.000000","","","EUR","","","","Incoming transfer from ROMEO TALLA FOTSING (DE16300209005310514271)","019b07fc-ea08-70be-a192-9531a952aace","","","",""
"2025-12-10T21:59:21.174Z","2025-12-10","DEFAULT","TRADING","BUY","STOCK","Centrotherm Photovoltaics","DE000A1TNMM9","23.0000000000","8.3500000000","-192.05","-1.00","","EUR","","","","Buy trade DE000A1TNMM9 CENTROTHERM INTL O.N., quantity: 23.0","b5e51c18-be0d-41b4-94fb-2d97cdf6f0d5","","","",""
"2025-12-10T21:59:21.176Z","2025-12-10","DEFAULT","TRADING","BUY","STOCK","Centrotherm Photovoltaics","DE000A1TNMM9","0.8323350000","8.3500000000","-6.95","","","EUR","","","","Buy trade DE000A1TNMM9 CENTROTHERM INTL O.N., quantity: 0.832335","b0125f4c-7ccd-436f-9d84-7d84cded2423","","","",""
"2025-12-17T09:25:05.974519Z","2025-12-17","DEFAULT","CASH","TRANSFER_INSTANT_INBOUND","","","","","","104.660000","","","EUR","","","","Incoming transfer from ROMEO TALLA FOTSING (DE16300209005310514271)","019b2ba0-a136-73aa-bad7-4d2b7ee5d85e","","","",""
"2025-12-17T09:25:40.563Z","2025-12-17","DEFAULT","TRADING","BUY","STOCK","Deutsche Konsum REIT","DE000A14KRD3","30.0000000000","1.8850000000","-56.55","-1.00","","EUR","","","","Buy trade DE000A14KRD3 DT.KONSUM REIT-AG, quantity: 30","7b635484-3ba9-4010-94dd-f901798769d4","","","",""
"2025-12-17T09:26:11.642Z","2025-12-17","DEFAULT","TRADING","BUY","STOCK","Volatus Aerospace","CA92865M1023","50.0000000000","0.3560000000","-17.80","-1.00","","EUR","","","","Buy trade CA92865M1023 VOLATUS AEROSPACE INC., quantity: 50","9fddf3dc-eece-440f-a3d2-0639f2887d6e","","","",""
"2025-12-17T09:30:12.238Z","2025-12-17","DEFAULT","TRADING","BUY","STOCK","Vulcan Energy Resources","AU0000066086","0.3456790000","2.2680000000","-0.78","","","EUR","","","","Buy trade AU0000066086 VULCAN ENERGY RESOURCES, quantity: 0.345679","f4cd3cdc-20d9-4737-a05b-51161221e242","","","",""
"2025-12-17T09:30:12.240Z","2025-12-17","DEFAULT","TRADING","BUY","STOCK","Vulcan Energy Resources","AU0000066086","12.0000000000","2.2680000000","-27.22","-1.00","","EUR","","","","Buy trade AU0000066086 VULCAN ENERGY RESOURCES, quantity: 12.0","f949bb83-0563-4939-9558-1e1eaf5b124b","","","",""
"2025-12-18T20:13:34.948184Z","2025-12-18","DEFAULT","CASH","TRANSFER_INSTANT_INBOUND","","","","","","150.000000","","","EUR","","","","Incoming transfer from ROMEO TALLA FOTSING (DE16300209005310514271)","019b3318-b164-75ab-bcef-1f95e1e787b2","","","",""
"2025-12-18T20:25:23.809Z","2025-12-18","DEFAULT","TRADING","BUY","STOCK","Draganfly","CA26142Q3044","14.0000000000","5.3000000000","-74.20","-1.00","","EUR","","","","Buy trade CA26142Q3044 DRAGANFLY INC., quantity: 14.0","1c077ffd-3ab1-4a53-9c2c-0df266c6c871","","","",""
"2025-12-18T20:25:23.810Z","2025-12-18","DEFAULT","TRADING","BUY","STOCK","Draganfly","CA26142Q3044","0.9056600000","5.3000000000","-4.80","","","EUR","","","","Buy trade CA26142Q3044 DRAGANFLY INC., quantity: 0.90566","19c551d9-13b7-4840-8a6f-40271b08bd6a","","","",""
"2025-12-18T20:26:06.430Z","2025-12-18","DEFAULT","TRADING","BUY","STOCK","Voltabox","DE000A2E4LE9","0.4017850000","4.4800000000","-1.80","","","EUR","","","","Buy trade DE000A2E4LE9 VOLTATRON AG INH. O.N., quantity: 0.401785","baaee081-8028-4502-9d74-0f2cdca043ca","","","",""
"2025-12-18T20:26:06.431Z","2025-12-18","DEFAULT","TRADING","BUY","STOCK","Voltabox","DE000A2E4LE9","15.0000000000","4.4800000000","-67.20","-1.00","","EUR","","","","Buy trade DE000A2E4LE9 VOLTATRON AG INH. O.N., quantity: 15.0","4f2473ad-ea3c-4f79-979d-4efa2f408a1f","","","",""
"2025-12-19T21:09:54.453427Z","2025-12-19","DEFAULT","CASH","TRANSFER_INSTANT_INBOUND","","","","","","100.000000","","","EUR","","","","Incoming transfer from ROMEO TALLA FOTSING (DE16300209005310514271)","019b3872-9e95-732d-9b6b-73e3d38c2d9a","","","",""
"2025-12-19T21:10:32.910Z","2025-12-19","DEFAULT","TRADING","BUY","STOCK","Red Cat","US75644T1007","0.2651290000","6.9200000000","-1.83","","","EUR","","","","Buy trade US75644T1007 RED CAT HDGS INC.DL -,001, quantity: 0.265129","49e6afe5-ab7e-4f44-a5d9-8cbb54c1b528","","","",""
"2025-12-19T21:10:32.911Z","2025-12-19","DEFAULT","TRADING","BUY","STOCK","Red Cat","US75644T1007","14.0000000000","6.9200000000","-96.88","-1.00","","EUR","","","","Buy trade US75644T1007 RED CAT HDGS INC.DL -,001, quantity: 14.0","e56e4d44-b03f-4c8b-ab0f-cabc68b84cc9","","","",""
"2025-12-29T08:13:23.039Z","2025-12-29","DEFAULT","TRADING","BUY","STOCK","TeamViewer","DE000A2YN900","0.7371090000","5.9150000000","-4.36","","","EUR","","","","Buy trade DE000A2YN900 TEAMVIEWER SE  INH O.N., quantity: 0.737109","9b6022db-d620-467d-af39-621aae1c4f72","","","",""
"2025-12-29T08:13:23.039Z","2025-12-29","DEFAULT","TRADING","BUY","STOCK","TeamViewer","DE000A2YN900","16.0000000000","5.9150000000","-94.64","-1.00","","EUR","","","","Buy trade DE000A2YN900 TEAMVIEWER SE  INH O.N., quantity: 16.0","eefda062-65aa-409d-b4d7-920041a737dc","","","",""
"2025-12-29T08:13:55.680Z","2025-12-29","DEFAULT","TRADING","BUY","STOCK","Evotec","DE0005664809","0.5532230000","5.3360000000","-2.95","","","EUR","","","","Buy trade DE0005664809 EVOTEC SE  INH O.N., quantity: 0.553223","4d5dd0bb-6962-49a2-853e-89463ee35b1f","","","",""
"2025-12-29T08:13:55.694Z","2025-12-29","DEFAULT","TRADING","BUY","STOCK","Evotec","DE0005664809","18.0000000000","5.3360000000","-96.05","-1.00","","EUR","","","","Buy trade DE0005664809 EVOTEC SE  INH O.N., quantity: 18.0","794ba5ad-8e63-4afc-b0e4-8da103a6f9e0","","","",""
"2025-12-29T14:04:22.978821Z","2025-12-29","DEFAULT","CASH","TRANSFER_INSTANT_INBOUND","","","","","","89.730000","","","EUR","","","","Incoming transfer from ROMEO TALLA FOTSING (DE16300209005310514271)","019b6a6c-a242-7912-84e0-77ffd21fd15a","","","",""
"2025-12-29T08:12:33.658952Z","2025-12-29","DEFAULT","CASH","TRANSFER_INSTANT_INBOUND","","","","","","200.000000","","","EUR","","","","Incoming transfer from ROMEO TALLA FOTSING (DE16300209005310514271)","019b692a-87fa-7cb1-895c-06b887de397d","","","",""
"2025-12-29T14:07:14.367Z","2025-12-29","DEFAULT","TRADING","BUY","STOCK","Quantum eMotion","CA74767K1030","28.0000000000","3.1400000000","-87.92","-1.00","","EUR","","","","Buy trade CA74767K1030 QUANTUM EMOTION CORP., quantity: 28.0","7f0761de-bf16-45f6-a154-be2e124356da","","","",""
"2025-12-29T14:07:14.371Z","2025-12-29","DEFAULT","TRADING","BUY","STOCK","Quantum eMotion","CA74767K1030","0.3439490000","3.1400000000","-1.08","","","EUR","","","","Buy trade CA74767K1030 QUANTUM EMOTION CORP., quantity: 0.343949","7ff8ba4a-322c-47a4-8849-dc67c4902a4e","","","",""
"2026-01-04T13:05:50.690584Z","2026-01-04","DEFAULT","CASH","TRANSFER_INSTANT_INBOUND","","","","","","44.560000","","","EUR","","","","Incoming transfer from ROMEO TALLA FOTSING (DE16300209005310514271)","019b891d-3262-7d79-a62f-f4ef7d1278fd","","","",""
"2026-01-04T13:06:18.263Z","2026-01-04","DEFAULT","TRADING","BUY","CRYPTO","Polygon","MATIC","223.9314570000","0.1027110000","-23.00","-1.00","","EUR","","","","Buy trade XF000MATIC12 Polygon, quantity: 223.931457","9f4df1cc-1283-4556-b648-917ff02f78fa","","","",""
"2026-01-04T13:11:13.787Z","2026-01-04","DEFAULT","TRADING","BUY","CRYPTO","Algorand","ALGO","160.7744250000","0.1181780000","-19.00","-1.00","","EUR","","","","Buy trade XF000ALGO013 Algorand, quantity: 160.774425","679444b9-ef46-481b-8788-86ba2d39c6e2","","","",""
"2026-01-05T07:28:07.039323Z","2026-01-05","DEFAULT","CASH","TRANSFER_INSTANT_INBOUND","","","","","","100.000000","","","EUR","","","","Incoming transfer from ROMEO TALLA FOTSING (DE16300209005310514271)","019b8d0e-5b7f-7cee-8bab-235fcadd3bad","","","",""
"2026-01-05T07:28:31.311Z","2026-01-05","DEFAULT","TRADING","BUY","STOCK","Metaplanet","JP3481200008","39.0000000000","2.5100000000","-97.89","-1.00","","EUR","","","","Buy trade JP3481200008 METAPLANET INC., quantity: 39.0","6be5de2e-2373-47d4-810c-26c2df1a9a1c","","","",""
"2026-01-05T07:28:31.316Z","2026-01-05","DEFAULT","TRADING","BUY","STOCK","Metaplanet","JP3481200008","0.4422310000","2.5100000000","-1.11","","","EUR","","","","Buy trade JP3481200008 METAPLANET INC., quantity: 0.442231","3053caac-1f61-4589-831b-7cf95887761d","","","",""
"2026-01-06T08:30:53.737598Z","2026-01-06","DEFAULT","CASH","TRANSFER_INSTANT_INBOUND","","","","","","61.440000","","","EUR","","","","Incoming transfer from ROMEO TALLA FOTSING (DE16300209005310514271)","019b926e-3129-7d63-8cca-4b8a2ea22fe1","","","",""
"2026-01-06T08:33:10.930Z","2026-01-06","DEFAULT","TRADING","BUY","STOCK","Plug Power","US72919P2020","20.0000000000","2.0180000000","-40.36","-1.00","","EUR","","","","Buy trade US72919P2020 PLUG POWER INC. DL-,01, quantity: 20","f5963cf7-eb34-4239-82a8-e8a0eb0055c6","","","",""
"2026-01-06T08:33:10.960Z","2026-01-06","DEFAULT","TRADING","BUY","STOCK","Plug Power","US72919P2020","0.3171450000","2.0180000000","-0.64","","","EUR","","","","Buy trade US72919P2020 PLUG POWER INC. DL-,01, quantity: 0.317145","8aa94ed3-a8fe-478a-b9d1-0a2e79442055","","","",""
"2026-01-06T08:35:36.850Z","2026-01-06","DEFAULT","TRADING","BUY","STOCK","BTQ Technologies","CA0558691014","0.9256190000","4.8200000000","-4.46","","","EUR","","","","Buy trade CA0558691014 BTQ TECHNOLOGIES CORP., quantity: 0.925619","bd8e040b-0234-4c82-a9b7-b3cab19610bf","","","",""
"2026-01-06T08:35:36.854Z","2026-01-06","DEFAULT","TRADING","BUY","STOCK","BTQ Technologies","CA0558691014","3.0000000000","4.8200000000","-14.46","-1.00","","EUR","","","","Buy trade CA0558691014 BTQ TECHNOLOGIES CORP., quantity: 3.0","7d73f001-ba03-4769-942f-210e3d1d494c","","","",""
"2026-01-07T06:55:21.293259Z","2026-01-07","DEFAULT","CASH","TRANSFER_INSTANT_INBOUND","","","","","","29.340000","","","EUR","","","","Incoming transfer from ROMEO TALLA FOTSING (DE16300209005310514271)","019b973d-14cd-73ee-b6d6-643eaeb20ba5","","","",""
"2026-01-07T09:43:23.699Z","2026-01-07","DEFAULT","TRADING","BUY","STOCK","WuXi Biologics","KYG970081173","0.0017500000","3.9990000000","-0.01","","","EUR","","","","Buy trade KYG970081173 WUXI BIOLOGICS-0,0000083, quantity: 0.00175","a8d9ed97-38c9-4be1-bc46-bc2bfcec165c","","","",""
"2026-01-07T09:43:23.700Z","2026-01-07","DEFAULT","TRADING","BUY","STOCK","WuXi Biologics","KYG970081173","7.0000000000","3.9990000000","-27.99","-1.00","","EUR","","","","Buy trade KYG970081173 WUXI BIOLOGICS-0,0000083, quantity: 7.0","b97a96c4-b526-412b-902c-a52deb2d8eec","","","",""
"2026-01-07T19:37:03.395Z","2026-01-07","DEFAULT","TRADING","SELL","STOCK","DroneShield","AU000000DRO2","-0.3875680000","2.2700000000","0.88","","-0.12","EUR","","","","Sell trade AU000000DRO2 DRONESHIELD LTD, quantity: 0.387568","a437b1c0-03a0-4dde-9c19-5449d6eb7224","","","",""
"2026-01-07T19:37:03.409Z","2026-01-07","DEFAULT","TRADING","SELL","STOCK","DroneShield","AU000000DRO2","-54.0000000000","2.2700000000","122.58","-1.00","-16.35","EUR","","","","Sell trade AU000000DRO2 DRONESHIELD LTD, quantity: 54.0","cb1de1bb-7a84-4230-a6c0-3efd1b26ee9e","","","",""
"2026-01-07T23:29:55.160538Z","2026-01-07","DEFAULT","CASH","TAX_OPTIMIZATION","","","","","","0.000000","","16.47","EUR","","","","Tax Optimisation","019b9acb-a1d8-74ad-a75c-45ce3c56b710","","","",""
"2026-01-09T19:04:37.456Z","2026-01-09","DEFAULT","TRADING","SELL","STOCK","UiPath ","US90364P1057","-7.0000000000","14.0000000000","98.00","-1.00","","EUR","","","","Sell trade US90364P1057 UIPATH INC.   A DL-,00001, quantity: 7","4bf8acae-dece-415d-90a7-9da1dc02ac16","","","",""
"2026-01-09T20:14:24.919Z","2026-01-09","DEFAULT","TRADING","SELL","STOCK","D-Wave Quantum","US26740W1099","-15.0000000000","24.4000000000","366.00","-1.00","","EUR","","","","Sell trade US26740W1099 D-WAVE QUATUM    DL-,0001, quantity: 15","b3f95f4c-6b13-4383-8165-25f9b0a5b05e","","","",""
"2026-01-10T07:40:01.941975Z","2026-01-10","DEFAULT","CASH","TRANSFER_INSTANT_OUTBOUND","","","","","","-584.460000","","","EUR","","","","Outgoing transfer for ROMEO TALLA FOTSING (DE16300209005310514271)","019ba6d9-1015-72e3-b9b9-54b97ecdbd8f","","","",""
"2026-01-12T20:41:00.238Z","2026-01-12","DEFAULT","TRADING","SELL","STOCK","Centrotherm Photovoltaics","DE000A1TNMM9","-0.8323350000","10.6000000000","8.82","-1.00","","EUR","","","","Sell trade DE000A1TNMM9 CENTROTHERM INTL O.N., quantity: 0.832335","7b2b9093-6b66-42f6-8519-e0e8715ba107","","","",""
"2026-01-12T20:41:28.409Z","2026-01-12","DEFAULT","TRADING","SELL","STOCK","Centrotherm Photovoltaics","DE000A1TNMM9","-23.0000000000","10.6000000000","243.80","-1.00","","EUR","","","","Sell trade DE000A1TNMM9 CENTROTHERM INTL O.N., quantity: 23","ff1770f3-9829-4972-af2f-a89feb8aa1f4","","","",""
"2026-01-12T20:41:55.943Z","2026-01-12","DEFAULT","TRADING","SELL","STOCK","Red Cat","US75644T1007","-0.2651290000","10.2000000000","2.70","","","EUR","","","","Sell trade US75644T1007 RED CAT HDGS INC.DL -,001, quantity: 0.265129","751ec297-acca-4b6a-9e13-3dd35f4efc37","","","",""
"2026-01-12T20:41:55.943Z","2026-01-12","DEFAULT","TRADING","SELL","STOCK","Red Cat","US75644T1007","-14.0000000000","10.2000000000","142.80","-1.00","","EUR","","","","Sell trade US75644T1007 RED CAT HDGS INC.DL -,001, quantity: 14.0","d1dce2a9-91b9-4821-9470-33a313a5e4a7","","","",""
"2026-01-12T20:42:25.132Z","2026-01-12","DEFAULT","TRADING","SELL","STOCK","Draganfly","CA26142Q3044","-14.0000000000","8.2500000000","115.50","-1.00","","EUR","","","","Sell trade CA26142Q3044 DRAGANFLY INC., quantity: 14.0","f2634665-d33a-40d0-aeda-a79db4c63447","","","",""
"2026-01-12T20:42:25.133Z","2026-01-12","DEFAULT","TRADING","SELL","STOCK","Draganfly","CA26142Q3044","-0.9056600000","8.2500000000","7.47","","","EUR","","","","Sell trade CA26142Q3044 DRAGANFLY INC., quantity: 0.90566","09ab24a4-cf98-4ca6-949d-2e16e3acdfb2","","","",""
"2026-01-12T20:42:52.614Z","2026-01-12","DEFAULT","TRADING","SELL","STOCK","DroneShield","AU000000DRO2","-54.0000000000","2.2050000000","119.07","-1.00","","EUR","","","","Sell trade AU000000DRO2 DRONESHIELD LTD, quantity: 54.0","36df53fc-e82f-48f7-b2dc-0128b9f0d1d2","","","",""
"2026-01-12T20:42:52.616Z","2026-01-12","DEFAULT","TRADING","SELL","STOCK","DroneShield","AU000000DRO2","-0.3875690000","2.2050000000","0.85","","","EUR","","","","Sell trade AU000000DRO2 DRONESHIELD LTD, quantity: 0.387569","7bd90bee-a4c5-4909-a23c-74770e6ce305","","","",""
"2026-01-12T20:43:20.767Z","2026-01-12","DEFAULT","TRADING","SELL","STOCK","Evotec","DE0005664809","-0.5532230000","6.4220000000","3.55","","","EUR","","","","Sell trade DE0005664809 EVOTEC SE  INH O.N., quantity: 0.553223","2c83c880-40d5-45d2-a0a5-0900ab6366b9","","","",""
"2026-01-12T20:43:20.767Z","2026-01-12","DEFAULT","TRADING","SELL","STOCK","Evotec","DE0005664809","-18.0000000000","6.4220000000","115.60","-1.00","","EUR","","","","Sell trade DE0005664809 EVOTEC SE  INH O.N., quantity: 18.0","43e51abb-04de-4380-bbb2-f04a133aa309","","","",""
"2026-01-12T20:43:44.937Z","2026-01-12","DEFAULT","TRADING","SELL","STOCK","Metaplanet","JP3481200008","-39.0000000000","2.9500000000","115.05","-1.00","","EUR","","","","Sell trade JP3481200008 METAPLANET INC., quantity: 39.0","037ba9f8-f448-4977-8cd2-7f6338065f2d","","","",""
"2026-01-12T20:43:44.937Z","2026-01-12","DEFAULT","TRADING","SELL","STOCK","Metaplanet","JP3481200008","-0.4422310000","2.9500000000","1.30","","","EUR","","","","Sell trade JP3481200008 METAPLANET INC., quantity: 0.442231","8082d260-b11b-4b35-a770-3c7e70e24cf9","","","",""
"2026-01-12T20:45:27.882Z","2026-01-12","DEFAULT","TRADING","SELL","STOCK","D-Wave Quantum","US26740W1099","-0.4428040000","24.3200000000","10.77","-1.00","","EUR","","","","Sell trade US26740W1099 D-WAVE QUATUM    DL-,0001, quantity: 0.442804","8216af38-1fa0-49f5-a54d-f2fba87df057","","","",""
"2026-01-12T20:53:03.256Z","2026-01-12","DEFAULT","TRADING","SELL","STOCK","Voltabox","DE000A2E4LE9","-0.4017850000","5.3000000000","2.13","","","EUR","","","","Sell trade DE000A2E4LE9 VOLTATRON AG INH. O.N., quantity: 0.401785","3c359c14-bd09-48b6-b20b-d6ffe04760b4","","","",""
"2026-01-12T20:53:03.257Z","2026-01-12","DEFAULT","TRADING","SELL","STOCK","Voltabox","DE000A2E4LE9","-15.0000000000","5.3000000000","79.50","-1.00","","EUR","","","","Sell trade DE000A2E4LE9 VOLTATRON AG INH. O.N., quantity: 15.0","09f2fffb-1598-4d0c-8c08-8f2478fd7111","","","",""
"2026-01-13T04:50:46.774471Z","2026-01-13","DEFAULT","CASH","TRANSFER_INSTANT_OUTBOUND","","","","","","-960.460000","","","EUR","","","","Outgoing transfer for ROMEO TALLA FOTSING (DE16300209005310514271)","019bb5b1-2f76-75c1-a84c-95c673f1e267","","","",""
"2026-01-13T07:59:01.022Z","2026-01-13","DEFAULT","TRADING","SELL","STOCK","TeamViewer","DE000A2YN900","-16.0000000000","6.4850000000","103.76","-1.00","","EUR","","","","Sell trade DE000A2YN900 TEAMVIEWER SE  INH O.N., quantity: 16","cc4b7527-6d95-49bc-8b20-d6dae12d49ab","","","",""
"2026-01-13T08:05:04.590Z","2026-01-13","DEFAULT","TRADING","SELL","STOCK","TeamViewer","DE000A2YN900","-0.7371090000","6.4300000000","4.74","-1.00","","EUR","","","","Sell trade DE000A2YN900 TEAMVIEWER SE  INH O.N., quantity: 0.737109","802313ef-acea-4b4a-a770-1df07f80003a","","","",""
"2026-01-13T11:14:19.928Z","2026-01-13","DEFAULT","TRADING","SELL","STOCK","UiPath ","US90364P1057","-0.2112390000","14.8600000000","3.14","-1.00","","EUR","","","","Sell trade US90364P1057 UIPATH INC.   A DL-,00001, quantity: 0.211239","c37db99a-f771-478c-b961-d53177f29a8f","","","",""
"2026-01-13T16:58:06.995Z","2026-01-13","DEFAULT","TRADING","SELL","STOCK","Bayer","DE000BAY0017","-0.0222400000","38.8950000000","0.87","-1.00","","EUR","","","","Sell trade DE000BAY0017 BAYER AG O.N., quantity: 0.02224","bc950b8d-88ec-4842-b9ec-620dd92e8a12","","","",""
"2026-01-13T16:58:55.147Z","2026-01-13","DEFAULT","TRADING","SELL","STOCK","Bayer","DE000BAY0017","-1.0000000000","38.8850000000","38.89","-1.00","","EUR","","","","Sell trade DE000BAY0017 BAYER AG O.N., quantity: 1","152f3155-e8f7-47f5-9279-92854d3ee1b4","","","",""
"2026-01-13T17:01:43.724Z","2026-01-13","DEFAULT","TRADING","SELL","STOCK","Vulcan Energy Resources","AU0000066086","-0.3456790000","2.6860000000","0.93","","","EUR","","","","Sell trade AU0000066086 VULCAN ENERGY RESOURCES, quantity: 0.345679","53bbaa09-240c-41c7-a54d-956c248155d0","","","",""
"2026-01-13T17:01:43.724Z","2026-01-13","DEFAULT","TRADING","SELL","STOCK","Vulcan Energy Resources","AU0000066086","-12.0000000000","2.6860000000","32.23","-1.00","","EUR","","","","Sell trade AU0000066086 VULCAN ENERGY RESOURCES, quantity: 12.0","3920029f-936e-4446-ae03-0d8fceaa6c45","","","",""
"2026-01-13T17:02:52.653Z","2026-01-13","DEFAULT","TRADING","SELL","STOCK","Volatus Aerospace","CA92865M1023","-50.0000000000","0.4220000000","21.10","-1.00","","EUR","","","","Sell trade CA92865M1023 VOLATUS AEROSPACE INC., quantity: 50","8e5a9775-b63c-4f69-bab5-46c9bb3d1703","","","",""
"2026-01-13T17:03:15.781Z","2026-01-13","DEFAULT","TRADING","SELL","STOCK","WuXi Biologics","KYG970081173","-0.0017500000","4.3285000000","0.01","","","EUR","","","","Sell trade KYG970081173 WUXI BIOLOGICS-0,0000083, quantity: 0.00175","989e18f2-8e38-4d04-aafe-82ffc7864efd","","","",""
"2026-01-13T17:03:15.781Z","2026-01-13","DEFAULT","TRADING","SELL","STOCK","WuXi Biologics","KYG970081173","-7.0000000000","4.3285000000","30.30","-1.00","","EUR","","","","Sell trade KYG970081173 WUXI BIOLOGICS-0,0000083, quantity: 7.0","2fc80e10-8253-4fd1-bd62-ddcef397e633","","","",""
"2026-01-14T05:52:58.815208Z","2026-01-14","DEFAULT","CASH","TRANSFER_INSTANT_OUTBOUND","","","","","","-227.970000","","","EUR","","","","Outgoing transfer for ROMEO TALLA FOTSING (DE16300209005310514271)","019bbb10-7dbf-7490-ada0-966c8881f45f","","","",""
"2026-01-14T21:24:41.697850Z","2026-01-14","DEFAULT","CASH","TRANSFER_INSTANT_INBOUND","","","","","","300.000000","","","EUR","","","","Incoming transfer from ROMEO TALLA FOTSING (DE16300209005310514271)","019bbe65-8061-7f69-adf5-44378045a337","","","",""
"2026-01-15T09:42:54.298443Z","2026-01-15","DEFAULT","CASH","TRANSFER_INSTANT_OUTBOUND","","","","","","-300.000000","","","EUR","","","","Outgoing transfer for ROMEO TALLA FOTSING (DE16300209005310514271)","019bc109-5a5a-701c-9321-260e95fff351","","","",""
"2026-01-16T09:53:44.938138Z","2026-01-16","DEFAULT","CASH","TRANSFER_INSTANT_INBOUND","","","","","","363.000000","","","EUR","","","","Incoming transfer from ROMEO TALLA FOTSING (DE16300209005310514271)","019bc639-a3ea-7d78-a083-a22c9b3f27d7","","","",""
"2026-01-16T10:14:32.837Z","2026-01-16","DEFAULT","TRADING","BUY","STOCK","DroneShield","AU000000DRO2","0.3815260000","2.4900000000","-0.95","","","EUR","","","","Buy trade AU000000DRO2 DRONESHIELD LTD, quantity: 0.381526","9966fa0b-1ebd-4068-bc57-d9b6cb4c930d","","","",""
"2026-01-16T10:14:33.066Z","2026-01-16","DEFAULT","TRADING","BUY","STOCK","DroneShield","AU000000DRO2","145.0000000000","2.4900000000","-361.05","-1.00","","EUR","","","","Buy trade AU000000DRO2 DRONESHIELD LTD, quantity: 145.0","d4a7e09b-7061-4ead-af3b-9099896f8f72","","","",""
"2026-01-19T06:54:52.310Z","2026-01-19","DEFAULT","TRADING","SELL","STOCK","DroneShield","AU000000DRO2","-145.0000000000","2.5750000000","373.38","-1.00","","EUR","","","","Sell trade AU000000DRO2 DRONESHIELD LTD, quantity: 145","c90e339e-5232-4872-a61e-4149b1d26025","","","",""
"2026-01-19T06:57:15.324Z","2026-01-19","DEFAULT","TRADING","BUY","STOCK","DroneShield","AU000000DRO2","143.0000000000","2.5800000000","-368.94","-1.00","","EUR","","","","Buy trade AU000000DRO2 DRONESHIELD LTD, quantity: 143.0","8a02f322-9560-4c32-8a51-f8f48734901b","","","",""
"2026-01-19T06:57:15.329Z","2026-01-19","DEFAULT","TRADING","BUY","STOCK","DroneShield","AU000000DRO2","0.7984490000","2.5800000000","-2.06","","","EUR","","","","Buy trade AU000000DRO2 DRONESHIELD LTD, quantity: 0.798449","52f804ad-a5a8-4cb5-998d-960362dbf3aa","","","",""
"2026-01-19T21:29:00.158851Z","2026-01-19","DEFAULT","CASH","TRANSFER_INSTANT_INBOUND","","","","","","151.000000","","","EUR","","","","Incoming transfer from ROMEO TALLA FOTSING (DE16300209005310514271)","019bd829-3dfe-7733-a956-273a2ce6ca90","","","",""
"2026-01-19T21:34:10.400Z","2026-01-19","DEFAULT","TRADING","BUY","FUND","Core MSCI World USD (Acc)","IE00B4L5Y983","0.3256730000","113.1450000000","-36.85","","","EUR","","","","Buy trade IE00B4L5Y983 iShares III plc - iShares Core MSCI World UCITS ETF USD (Acc), quantity: 0.325673","b7c1bc51-52c7-4264-97fa-9c4e7dfa7607","","","",""
"2026-01-19T21:34:10.407Z","2026-01-19","DEFAULT","TRADING","BUY","FUND","Core MSCI World USD (Acc)","IE00B4L5Y983","1.0000000000","113.1450000000","-113.15","-1.00","","EUR","","","","Buy trade IE00B4L5Y983 iShares III plc - iShares Core MSCI World UCITS ETF USD (Acc), quantity: 1","e7eac930-fb81-43cb-b4b4-459b4837c9fb","","","",""
"2026-01-19T21:45:46.238Z","2026-01-19","DEFAULT","TRADING","BUY","STOCK","BYD","CNE100000296","0.4510940000","11.1950000000","-5.05","","","EUR","","","","Buy trade CNE100000296 BYD, quantity: 0.451094","a748e057-0ec2-46e2-a36b-789c3ac4d4cb","","","",""
"2026-01-19T21:45:46.238Z","2026-01-19","DEFAULT","TRADING","BUY","STOCK","BYD","CNE100000296","10.0000000000","11.1950000000","-111.95","-1.00","","EUR","","","","Buy trade CNE100000296 BYD, quantity: 10.0","829585e4-fefc-4de7-9c02-6f912e654ad6","","","",""
"2026-01-20T17:46:39.299377Z","2026-01-19","DEFAULT","CASH","TAX_OPTIMIZATION","","","","","","0.000000","","16.35","EUR","","","","Tax Recalculation AU000000DRO2 DroneShield (Invoice No.: cb1d-e1bb)","019bdc84-0943-7b81-884d-82c0c39a3583","","","",""
"2026-01-20T17:46:39.210420Z","2026-01-19","DEFAULT","CASH","TAX_OPTIMIZATION","","","","","","0.000000","","0.12","EUR","","","","Tax Recalculation AU000000DRO2 DroneShield (Invoice No.: a437-b1c0)","019bdc84-08ea-701a-a357-7f7ffcd5ec85","","","",""
"2026-01-19T21:44:04.928211Z","2026-01-19","DEFAULT","CASH","TRANSFER_INSTANT_INBOUND","","","","","","112.420000","","","EUR","","","","Incoming transfer from ROMEO TALLA FOTSING (DE16300209005310514271)","019bd837-0c40-7df8-a2ca-aecbe6a03518","","","",""
"2026-01-19T21:45:08.350649Z","2026-01-19","DEFAULT","CASH","TRANSFER_INSTANT_INBOUND","","","","","","6.000000","","","EUR","","","","Incoming transfer from ROMEO TALLA FOTSING (DE16300209005310514271)","019bd838-03fe-7edf-840d-1e2d7aec23be","","","",""
"2026-01-20T08:43:42.265Z","2026-01-20","DEFAULT","TRADING","SELL","STOCK","DroneShield","AU000000DRO2","-144.0000000000","2.5800000000","371.52","-1.00","","EUR","","","","Sell trade AU000000DRO2 DRONESHIELD LTD, quantity: 144","b3ffad8c-247d-475a-9a80-5f261e8db2f3","","","",""
"2026-01-20T17:46:39.257235Z","2026-01-20","DEFAULT","CASH","TAX_OPTIMIZATION","","","","","","0.000000","","-16.47","EUR","","","","Tax Optimisation","019bdc84-0919-7c11-8692-5efd5386dbec","","","",""
"2026-01-21T09:00:47.950506Z","2026-01-21","DEFAULT","CASH","TRANSFER_INSTANT_OUTBOUND","","","","","","-371.320000","","","EUR","","","","Outgoing transfer for ROMEO TALLA FOTSING (DE16300209005310514271)","019bdfc8-f5ce-7789-82d2-e53a1f65c6ec","","","",""
"2026-01-26T09:22:58.924Z","2026-01-22","DEFAULT","CORPORATE_ACTION","INTERMEDIATE_SECURITIES_DISTRIBUTION","SYNTHETIC","DT.KONSUM REIT-AG","DE000A41YD57","-30.0000000000","","","","","","","","","INTERMEDIATE_SECURITIES_DISTRIBUTION DE000A41YD57","5f819f6d-50b8-37b7-84d8-776659bc5613","","","",""
"2026-01-26T09:48:10.152Z","2026-01-22","DEFAULT","CORPORATE_ACTION","INTERMEDIATE_SECURITIES_DISTRIBUTION_CANCELLED","SYNTHETIC","DT.KONSUM REIT-AG","DE000A41YD57","30.0000000000","","","","","","","","","INTERMEDIATE_SECURITIES_DISTRIBUTION DE000A41YD57","3a6b38f6-d011-308c-93c8-c391337fb258","","","",""
"2026-01-26T09:53:51.263Z","2026-01-22","DEFAULT","CORPORATE_ACTION","INTERMEDIATE_SECURITIES_DISTRIBUTION","SYNTHETIC","DT.KONSUM REIT-AG","DE000A41YD57","30.0000000000","","","","","","","","","INTERMEDIATE_SECURITIES_DISTRIBUTION DE000A41YD57","cf3f2a76-5bb3-3dda-b64b-0cae861b635e","","","",""
"2026-01-26T05:01:40.478Z","2026-01-26","DEFAULT","TRADING","BUY","CRYPTO","Chainlink","LINK","5.0231060000","9.9535000000","-50.00","-1.00","","EUR","","","","Buy trade XF000LINK010 Chainlink, quantity: 5.023106","f3430ffa-c2df-4273-ac21-81e6eadde68d","","","",""
"2026-01-26T05:02:29.085Z","2026-01-26","DEFAULT","TRADING","BUY","CRYPTO","XRP","XRP","16.9689330000","1.5911530000","-27.00","-1.00","","EUR","","","","Buy trade XF000XRP0018 XRP, quantity: 16.968933","9f60898c-cc6b-455b-a71f-340df1055d44","","","",""
"2026-01-26T08:04:18.853Z","2026-01-26","DEFAULT","TRADING","BUY","STOCK","DroneShield","AU000000DRO2","75.0000000000","2.6200000000","-196.50","-1.00","","EUR","","","","Buy trade AU000000DRO2 DRONESHIELD LTD, quantity: 75.0","b9070420-9fb9-4e6f-a9f6-a696607e8c75","","","",""
"2026-01-26T08:04:18.856Z","2026-01-26","DEFAULT","TRADING","BUY","STOCK","DroneShield","AU000000DRO2","0.9541980000","2.6200000000","-2.50","","","EUR","","","","Buy trade AU000000DRO2 DRONESHIELD LTD, quantity: 0.954198","530a69e0-ccb4-4913-94da-a2f04e0e7767","","","",""
"2026-01-26T15:54:42.536060Z","2026-01-26","DEFAULT","CASH","TRANSFER_INSTANT_INBOUND","","","","","","9.760000","","","EUR","","","","Incoming transfer from ROMEO TALLA FOTSING (DE16300209005310514271)","019bfb03-b3e8-7fbb-9ddc-f3b89afdce85","","","",""
"2026-01-26T08:03:32.362542Z","2026-01-26","DEFAULT","CASH","TRANSFER_INSTANT_INBOUND","","","","","","200.000000","","","EUR","","","","Incoming transfer from ROMEO TALLA FOTSING (DE16300209005310514271)","019bf954-558a-729f-9a8a-15954193631c","","","",""
"2026-01-26T15:59:24.593Z","2026-01-26","DEFAULT","TRADING","BUY","STOCK","DroneShield","AU000000DRO2","3.0000000000","2.5600000000","-7.68","-1.00","","EUR","","","","Buy trade AU000000DRO2 DRONESHIELD LTD, quantity: 3.0","f09625db-efed-4eff-8034-3102924545d5","","","",""
"2026-01-26T15:59:24.594Z","2026-01-26","DEFAULT","TRADING","BUY","STOCK","DroneShield","AU000000DRO2","0.5156250000","2.5600000000","-1.32","","","EUR","","","","Buy trade AU000000DRO2 DRONESHIELD LTD, quantity: 0.515625","22261ef8-d8e0-439a-b1a4-44b2b3f33e3b","","","",""
"2026-01-26T21:52:42.275386Z","2026-01-26","DEFAULT","CASH","TRANSFER_INSTANT_OUTBOUND","","","","","","-200.760000","","","EUR","","","","Outgoing transfer for ROMEO TALLA FOTSING (DE16300209005310514271)","019bfc4b-7523-7ae5-ad41-e88ab7736a79","","","",""
"2026-01-26T21:03:13.504620Z","2026-01-26","DEFAULT","CASH","TRANSFER_INSTANT_INBOUND","","","","","","200.000000","","","EUR","","","","Incoming transfer from ROMEO TALLA FOTSING (DE16300209005310514271)","019bfc1e-2860-72ba-a6a3-f1363f43571e","","","",""
"2026-01-26T05:00:22.781671Z","2026-01-26","DEFAULT","CASH","TRANSFER_INSTANT_INBOUND","","","","","","80.000000","","","EUR","","","","Incoming transfer from ROMEO TALLA FOTSING (DE16300209005310514271)","019bf8ac-a57d-749c-a86f-ddd1ce31ec4e","","","",""
"2026-01-28T10:30:01.404152Z","2026-01-28","DEFAULT","CASH","TRANSFER_INSTANT_INBOUND","","","","","","233.920000","","","EUR","","","","Incoming transfer from ROMEO TALLA FOTSING (DE16300209005310514271)","019c0427-29bc-777b-beb9-c51fc33d951d","","","",""
"2026-01-28T10:30:37.715Z","2026-01-28","DEFAULT","TRADING","BUY","STOCK","Uranium Energy","US9168961038","0.9607650000","16.6180000000","-15.97","","","EUR","","","","Buy trade US9168961038 URANIUM ENERGY    DL-,001, quantity: 0.960765","96d1a47b-6850-4dc6-9172-a52b3054f016","","","",""
"2026-01-28T10:30:37.716Z","2026-01-28","DEFAULT","TRADING","BUY","STOCK","Uranium Energy","US9168961038","13.0000000000","16.6180000000","-216.03","-1.00","","EUR","","","","Buy trade US9168961038 URANIUM ENERGY    DL-,001, quantity: 13","baaf5584-ab57-400a-a698-d62464d83daa","","","",""
"2026-01-29T06:43:05.223180Z","2026-01-29","DEFAULT","CASH","TRANSFER_INSTANT_INBOUND","","","","","","40.000000","","","EUR","","","","Incoming transfer from ROMEO TALLA FOTSING (DE16300209005310514271)","019c087d-c187-7ace-9387-14b18f02c4c5","","","",""
"2026-01-29T06:44:05.277Z","2026-01-29","DEFAULT","TRADING","BUY","STOCK","DroneShield","AU000000DRO2","19.0000000000","2.0700000000","-39.33","-1.00","","EUR","","","","Buy trade AU000000DRO2 DRONESHIELD LTD, quantity: 19.0","b211aea4-1843-4224-bc2b-998c14c55a8e","","","",""
"2026-01-29T06:44:05.277Z","2026-01-29","DEFAULT","TRADING","BUY","STOCK","DroneShield","AU000000DRO2","0.0243900000","2.0700000000","-0.05","","","EUR","","","","Buy trade AU000000DRO2 DRONESHIELD LTD, quantity: 0.02439","63eafcd9-9e10-4822-9e2c-917f0e1f1c31","","","",""
"2026-01-29T07:22:50.112Z","2026-01-29","DEFAULT","TRADING","BUY","FUND","Core S&P 500 USD (Acc)","IE00B5BMR087","0.4142670000","625.2000000000","-259.00","-1.00","","EUR","","","","Buy trade IE00B5BMR087 iShares VII plc - iShares Core S&P 500 UCITS ETF USD (Acc), quantity: 0.414267","a473d426-3eca-4776-816b-ecfe97be088f","","","",""
"2026-01-29T15:37:27.611714Z","2026-01-29","DEFAULT","CASH","TRANSFER_INSTANT_INBOUND","","","","","","40.000000","","","EUR","","","","Incoming transfer from ROMEO TALLA FOTSING (DE16300209005310514271)","019c0a66-fd3b-72a1-b62a-efc0a3baaa29","","","",""
"2026-01-29T07:22:37.574702Z","2026-01-29","DEFAULT","CASH","TRANSFER_INSTANT_INBOUND","","","","","","260.000000","","","EUR","","","","Incoming transfer from ROMEO TALLA FOTSING (DE16300209005310514271)","019c08a1-f486-7acd-a86e-69c6799f577c","","","",""
"2026-01-29T17:27:36.455Z","2026-01-29","DEFAULT","TRADING","BUY","STOCK","BTQ Technologies","CA0558691014","0.1875000000","3.2000000000","-0.60","","","EUR","","","","Buy trade CA0558691014 BTQ TECHNOLOGIES CORP., quantity: 0.1875","d06ccc78-01c9-4920-885c-6ed8fdb740c2","","","",""
"2026-01-29T17:27:36.455Z","2026-01-29","DEFAULT","TRADING","BUY","STOCK","BTQ Technologies","CA0558691014","12.0000000000","3.2000000000","-38.40","-1.00","","EUR","","","","Buy trade CA0558691014 BTQ TECHNOLOGIES CORP., quantity: 12.0","b5267254-2b25-43b0-80eb-24891b234434","","","",""
"2026-01-31T21:58:34.676435Z","2026-01-31","DEFAULT","CASH","TRANSFER_INSTANT_INBOUND","","","","","","281.000000","","","EUR","","","","Incoming transfer from ROMEO TALLA FOTSING (DE16300209005310514271)","019c1610-a1b4-7574-b2d3-90f34af2570f","","","",""
"2026-02-01T00:43:16.326Z","2026-02-01","DEFAULT","TRADING","BUY","CRYPTO","Solana","SOL","3.0932390000","90.5180000000","-279.99","-1.00","","EUR","","","","Buy trade XF000SOL0012 Solana, quantity: 3.093239","b8853279-e3e9-4b4e-9da0-a2691f519eef","","","",""
"2026-02-02T06:30:15.011Z","2026-02-02","DEFAULT","TRADING","SELL","STOCK","BYD","CNE100000296","-10.0000000000","9.7260000000","97.26","-1.00","","EUR","","","","Sell trade CNE100000296 BYD, quantity: 10","d6282aad-bad4-4894-b365-becb2134aa04","","","",""
"2026-02-02T07:00:27.903Z","2026-02-02","DEFAULT","TRADING","BUY","STOCK","D-Wave Quantum","US26740W1099","5.0000000000","17.1550000000","-85.78","-1.00","","EUR","","","","Buy trade US26740W1099 D-WAVE QUATUM    DL-,0001, quantity: 5.0","ec670c04-31a8-41a7-a9af-c450b31c954f","","","",""
"2026-02-02T07:00:27.904Z","2026-02-02","DEFAULT","TRADING","BUY","STOCK","D-Wave Quantum","US26740W1099","0.5377440000","17.1550000000","-9.22","","","EUR","","","","Buy trade US26740W1099 D-WAVE QUATUM    DL-,0001, quantity: 0.537744","9ee64082-ea36-4109-ba21-86279c435042","","","",""
"2026-02-02T13:26:04.891Z","2026-02-02","DEFAULT","TRADING","BUY","STOCK","D-Wave Quantum","US26740W1099","5.0000000000","17.9600000000","-89.80","-1.00","","EUR","","","","Buy trade US26740W1099 D-WAVE QUATUM    DL-,0001, quantity: 5.0","82b13b70-4004-43b6-8486-24b00082fe24","","","",""
"2026-02-02T13:26:04.892Z","2026-02-02","DEFAULT","TRADING","BUY","STOCK","D-Wave Quantum","US26740W1099","0.0097410000","17.9600000000","-0.17","","","EUR","","","","Buy trade US26740W1099 D-WAVE QUATUM    DL-,0001, quantity: 0.009741","c88479a9-cc74-46c1-943d-9fe8236c0882","","","",""
"2026-02-02T13:26:38.852966Z","2026-02-02","DEFAULT","CASH","TRANSFER_INSTANT_INBOUND","","","","","","90.730000","","","EUR","","","","Incoming transfer from ROMEO TALLA FOTSING (DE16300209005310514271)","019c1e88-aa04-7bb7-9834-3149f03d26b6","","","",""
"2026-02-10T16:11:36.728728Z","2026-02-10","DEFAULT","CASH","TRANSFER_INSTANT_INBOUND","","","","","","120.000000","","","EUR","","","","Incoming transfer from ROMEO TALLA FOTSING (DE16300209005310514271)","019c4852-9198-7642-88c1-6f0ad46c3a3a","","","",""
"2026-02-11T15:30:55.886523Z","2026-02-11","DEFAULT","CASH","TRANSFER_INSTANT_INBOUND","","","","","","30.430000","","","EUR","","","","Incoming transfer from ROMEO TALLA FOTSING (DE16300209005310514271)","019c4d53-af0e-74c0-a373-efd5d66767e2","","","",""
"2026-02-12T10:15:43.119Z","2026-02-12","DEFAULT","TRADING","BUY","FUND","Core MSCI World USD (Acc)","IE00B4L5Y983","1.0000000000","113.7450000000","-113.75","-1.00","","EUR","","","","Buy trade IE00B4L5Y983 iShares III plc - iShares Core MSCI World UCITS ETF USD (Acc), quantity: 1","9d91b8c7-55cb-44de-8dbe-94b32855bd51","","","",""
"2026-02-12T10:15:43.120Z","2026-02-12","DEFAULT","TRADING","BUY","FUND","Core MSCI World USD (Acc)","IE00B4L5Y983","0.3187390000","113.7450000000","-36.25","","","EUR","","","","Buy trade IE00B4L5Y983 iShares III plc - iShares Core MSCI World UCITS ETF USD (Acc), quantity: 0.318739","f09e1ecd-e99c-4c07-be36-de0b0fa5270b","","","",""
"2026-02-12T13:35:22.489Z","2026-02-12","DEFAULT","TRADING","BUY","STOCK","DroneShield","AU000000DRO2","9.0000000000","1.9120000000","-17.21","-1.00","","EUR","","","","Buy trade AU000000DRO2 DRONESHIELD LTD, quantity: 9.0","690beefb-7100-4c2b-9bcd-37fc329551e5","","","",""
"2026-02-12T13:35:22.491Z","2026-02-12","DEFAULT","TRADING","BUY","STOCK","DroneShield","AU000000DRO2","0.4142250000","1.9120000000","-0.79","","","EUR","","","","Buy trade AU000000DRO2 DRONESHIELD LTD, quantity: 0.414225","293f1cd6-0b1f-4320-aa4f-102f6689370a","","","",""
"2026-02-12T13:55:22.986769Z","2026-02-12","DEFAULT","CASH","TRANSFER_INSTANT_INBOUND","","","","","","260.000000","","","EUR","","","","Incoming transfer from ROMEO TALLA FOTSING (DE16300209005310514271)","019c5222-90ea-7811-979b-5505c440b213","","","",""
"2026-02-12T09:26:49.175408Z","2026-02-12","DEFAULT","CASH","TRANSFER_INSTANT_INBOUND","","","","","","19.000000","","","EUR","","","","Incoming transfer from ROMEO TALLA FOTSING (DE16300209005310514271)","019c512c-b057-71ad-a700-5a02a03d0556","","","",""
"2026-02-13T06:30:44.267Z","2026-02-13","DEFAULT","TRADING","BUY","FUND","Core S&P 500 USD (Acc)","IE00B5BMR087","0.4199630000","616.7200000000","-259.00","-1.00","","EUR","","","","Buy trade IE00B5BMR087 iShares VII plc - iShares Core S&P 500 UCITS ETF USD (Acc), quantity: 0.419963","ab8e33f1-0fd4-467f-be87-aa237adab5c0","","","",""
"2026-02-16T08:48:05.914651Z","2026-02-16","DEFAULT","CASH","TRANSFER_INSTANT_INBOUND","","","","","","15.000000","","","EUR","","","","Incoming transfer from ROMEO TALLA FOTSING (DE16300209005310514271)","019c65a2-ad1a-76de-8f62-55502176b33e","","","",""
"2026-02-16T10:01:34.026Z","2026-02-16","DEFAULT","TRADING","BUY","STOCK","BTQ Technologies","CA0558691014","0.9829050000","2.3400000000","-2.30","","","EUR","","","","Buy trade CA0558691014 BTQ TECHNOLOGIES CORP., quantity: 0.982905","8b84f8be-df57-40f1-87c0-3ff4404974fa","","","",""
"2026-02-16T10:01:34.501Z","2026-02-16","DEFAULT","TRADING","BUY","STOCK","BTQ Technologies","CA0558691014","5.0000000000","2.3400000000","-11.70","-1.00","","EUR","","","","Buy trade CA0558691014 BTQ TECHNOLOGIES CORP., quantity: 5.0","c780ad97-8dd9-4721-8176-3a1988f46f30","","","",""
"2026-02-16T12:19:29.756453Z","2026-02-16","DEFAULT","CASH","TRANSFER_INSTANT_INBOUND","","","","","","100.000000","","","EUR","","","","Incoming transfer from ROMEO TALLA FOTSING (DE16300209005310514271)","019c6664-375c-7acf-a6e4-6f821b03d7d0","","","",""
"2026-02-16T12:19:39.740Z","2026-02-16","DEFAULT","TRADING","BUY","STOCK","BYD","CNE100000296","0.4465640000","10.4800000000","-4.68","","","EUR","","","","Buy trade CNE100000296 BYD, quantity: 0.446564","7dea49f5-6c4c-43a9-ac4b-cddde75e8bb5","","","",""
"2026-02-16T12:19:39.741Z","2026-02-16","DEFAULT","TRADING","BUY","STOCK","BYD","CNE100000296","9.0000000000","10.4800000000","-94.32","-1.00","","EUR","","","","Buy trade CNE100000296 BYD, quantity: 9.0","da6ec080-bc93-48d6-82a9-d5888da10a1c","","","",""
"2026-02-19T09:06:29.098779Z","2026-02-19","DEFAULT","CASH","TRANSFER_INSTANT_INBOUND","","","","","","71.000000","","","EUR","","","","Incoming transfer from ROMEO TALLA FOTSING (DE16300209005310514271)","019c7526-966a-7c36-85b4-67f536ebb8d3","","","",""
"2026-02-19T09:06:40.001Z","2026-02-19","DEFAULT","TRADING","BUY","CRYPTO","Solana","SOL","1.0000000000","69.4000000000","-69.40","-1.00","","EUR","","","","Buy trade XF000SOL0012 Solana, quantity: 1","f5592e61-dfdc-4870-b8a6-136aed4df1c4","","","",""
"2026-02-20T09:19:59.973Z","2026-02-20","DEFAULT","TRADING","BUY","STOCK","BYD","CNE100000296","0.6794250000","10.4500000000","-7.10","","","EUR","","","","Buy trade CNE100000296 BYD, quantity: 0.679425","8e9871a0-bb71-4312-804b-fe1d24693776","","","",""
"2026-02-20T09:19:59.981Z","2026-02-20","DEFAULT","TRADING","BUY","STOCK","BYD","CNE100000296","2.0000000000","10.4500000000","-20.90","-1.00","","EUR","","","","Buy trade CNE100000296 BYD, quantity: 2.0","f9c3407d-a908-430b-8ecd-ff8f25d43d52","","","",""
"2026-02-20T16:42:34.628567Z","2026-02-20","DEFAULT","CASH","TRANSFER_INSTANT_INBOUND","","","","","","100.000000","","","EUR","","","","Incoming transfer from ROMEO TALLA FOTSING (DE16300209005310514271)","019c7bee-8304-7ca5-a3f4-a05903c3eef5","","","",""
"2026-02-20T16:58:44.637409Z","2026-02-20","DEFAULT","CASH","TRANSFER_INSTANT_OUTBOUND","","","","","","-100.600000","","","EUR","","","","Outgoing transfer for ROMEO TALLA FOTSING (DE16300209005310514271)","019c7bfd-501d-7204-a11f-0aebebe8ade4","","","",""
"2026-02-20T09:19:52.896116Z","2026-02-20","DEFAULT","CASH","TRANSFER_INSTANT_INBOUND","","","","","","29.000000","","","EUR","","","","Incoming transfer from ROMEO TALLA FOTSING (DE16300209005310514271)","019c7a59-3640-7cd1-9677-7ff713eeb2db","","","",""
"2026-02-24T08:29:25.873Z","2026-02-24","DEFAULT","TRADING","SELL","STOCK","Quantum eMotion","CA74767K1030","-0.3439490000","3.8400000000","1.32","","","EUR","","","","Sell trade CA74767K1030 QUANTUM EMOTION CORP., quantity: 0.343949","36d15a6e-3f6e-488d-a1f3-b87d323758f4","","","",""
"2026-02-24T08:29:25.874Z","2026-02-24","DEFAULT","TRADING","SELL","STOCK","Quantum eMotion","CA74767K1030","-28.0000000000","3.8400000000","107.52","-1.00","","EUR","","","","Sell trade CA74767K1030 QUANTUM EMOTION CORP., quantity: 28.0","80a39303-ee6e-4b4a-95d6-88059a9f6ae6","","","",""
"2026-02-24T08:34:39.637276Z","2026-02-24","DEFAULT","CASH","TRANSFER_INSTANT_OUTBOUND","","","","","","-107.840000","","","EUR","","","","Outgoing transfer for ROMEO TALLA FOTSING (DE16300209005310514271)","019c8ec9-3f95-7729-bb4a-fae0fb93ab5a","","","",""
"2026-02-24T13:52:38.384Z","2026-02-24","DEFAULT","CORPORATE_ACTION","WORTHLESS","SYNTHETIC","DT.KONSUM REIT-AG","DE000A41YD57","-30.0000000000","","","","","","","","","WORTHLESS DE000A41YD57","a7ce4baa-540c-31fa-bffe-5fcc8fbea0bf","","","",""
"2026-03-02T08:21:34.162921Z","2026-03-02","DEFAULT","CASH","TRANSFER_INSTANT_INBOUND","","","","","","151.000000","","","EUR","","","","Incoming transfer from ROMEO TALLA FOTSING (DE16300209005310514271)","019cada3-6b52-7de7-b1c8-4977a24f7423","","","",""
"2026-03-02T08:22:42.272Z","2026-03-02","DEFAULT","TRADING","BUY","STOCK","BP","GB0007980591","0.3805830000","5.6860000000","-2.16","","","EUR","","","","Buy trade GB0007980591 BP PLC, quantity: 0.380583","bec15860-8f84-4b69-b0ed-98229d9087ba","","","",""
"2026-03-02T08:22:42.282Z","2026-03-02","DEFAULT","TRADING","BUY","STOCK","BP","GB0007980591","26.0000000000","5.6860000000","-147.84","-1.00","","EUR","","","","Buy trade GB0007980591 BP PLC, quantity: 26.0","c504b89d-3174-49d6-977b-53b8d0ec83ce","","","",""
"2026-03-09T06:39:48.563169Z","2026-03-09","DEFAULT","CASH","TRANSFER_INSTANT_INBOUND","","","","","","151.000000","","","EUR","","","","Incoming transfer from ROMEO TALLA FOTSING (DE16300209005310514271)","019cd152-c553-717b-a8fc-e60c081a503d","","","",""
"2026-03-09T06:40:02.314Z","2026-03-09","DEFAULT","TRADING","BUY","FUND","Core MSCI World USD (Acc)","IE00B4L5Y983","1.0000000000","110.7700000000","-110.77","-1.00","","EUR","","","","Buy trade IE00B4L5Y983 iShares III plc - iShares Core MSCI World UCITS ETF USD (Acc), quantity: 1","0883ee04-0b90-454e-b623-7ae4ac9f71b8","","","",""
"2026-03-09T06:40:02.327Z","2026-03-09","DEFAULT","TRADING","BUY","FUND","Core MSCI World USD (Acc)","IE00B4L5Y983","0.3541570000","110.7700000000","-39.23","","","EUR","","","","Buy trade IE00B4L5Y983 iShares III plc - iShares Core MSCI World UCITS ETF USD (Acc), quantity: 0.354157","d4363632-ac49-4c16-ae02-5ba997b1f427","","","",""
"2026-03-09T06:40:45.841620Z","2026-03-09","DEFAULT","CASH","TRANSFER_INSTANT_INBOUND","","","","","","260.000000","","","EUR","","","","Incoming transfer from ROMEO TALLA FOTSING (DE16300209005310514271)","019cd153-a511-7cc4-bcd0-523654d7f69b","","","",""
"2026-03-09T06:40:52.974Z","2026-03-09","DEFAULT","TRADING","BUY","FUND","Core S&P 500 USD (Acc)","IE00B5BMR087","0.4200990000","616.5200000000","-259.00","-1.00","","EUR","","","","Buy trade IE00B5BMR087 iShares VII plc - iShares Core S&P 500 UCITS ETF USD (Acc), quantity: 0.420099","88dbb420-b68f-401c-ae57-7a368c723a18","","","",""
"2026-03-11T08:05:58.664553Z","2026-03-11","DEFAULT","CASH","TRANSFER_INSTANT_INBOUND","","","","","","151.000000","","","EUR","","","","Incoming transfer from ROMEO TALLA FOTSING (DE16300209005310514271)","019cdbee-6108-7d25-8721-9bce36fc0b19","","","",""
"2026-03-11T08:06:07.649Z","2026-03-11","DEFAULT","TRADING","BUY","STOCK","Eco Oil & Gas","CA27887W1005","0.6206890000","0.5800000000","-0.36","","","EUR","","","","Buy trade CA27887W1005 ECO(ATLANTIC) OIL+GAS LTD, quantity: 0.620689","9ce4b6e5-2193-4249-9ffd-7cba7d0a4f15","","","",""
"2026-03-11T08:06:07.664Z","2026-03-11","DEFAULT","TRADING","BUY","STOCK","Eco Oil & Gas","CA27887W1005","258.0000000000","0.5800000000","-149.64","-1.00","","EUR","","","","Buy trade CA27887W1005 ECO(ATLANTIC) OIL+GAS LTD, quantity: 258.0","934570e0-a167-41ad-99f4-9f302ce27d54","","","",""
"2026-03-16T07:33:26.311Z","2026-03-16","DEFAULT","TRADING","SELL","STOCK","BYD","CNE100000296","-0.5770830000","11.5450000000","6.66","","","EUR","","","","Sell trade CNE100000296 BYD, quantity: 0.577083","9477cfca-0f6b-4ead-939d-c6a9ffd3a72e","","","",""
"2026-03-16T07:33:26.311Z","2026-03-16","DEFAULT","TRADING","SELL","STOCK","BYD","CNE100000296","-12.0000000000","11.5450000000","138.54","-1.00","","EUR","","","","Sell trade CNE100000296 BYD, quantity: 12.0","348d5930-867e-4691-9109-b4fc7cfb8d5d","","","",""
"2026-03-16T07:33:54.589Z","2026-03-16","DEFAULT","TRADING","SELL","STOCK","BP","GB0007980591","-26.0000000000","6.2340000000","162.08","-1.00","","EUR","","","","Sell trade GB0007980591 BP PLC, quantity: 26.0","19ba947e-03c3-4790-97a2-656473db8058","","","",""
"2026-03-16T07:33:54.589Z","2026-03-16","DEFAULT","TRADING","SELL","STOCK","BP","GB0007980591","-0.3805830000","6.2340000000","2.37","","","EUR","","","","Sell trade GB0007980591 BP PLC, quantity: 0.380583","b88fed0d-1b65-4cbe-b479-284b4cce2258","","","",""
"2026-03-16T08:29:18.703406Z","2026-03-16","DEFAULT","CASH","TRANSFER_INSTANT_OUTBOUND","","","","","","-307.650000","","","EUR","","","","Outgoing transfer for ROMEO TALLA FOTSING (DE16300209005310514271)","019cf5c3-89ef-7532-bb03-69b576100b38","","","",""
"2026-03-16T08:58:15.359Z","2026-03-16","DEFAULT","TRADING","SELL","STOCK","Eco Oil & Gas","CA27887W1005","-258.0000000000","0.6440000000","166.15","-1.00","","EUR","","","","Sell trade CA27887W1005 ECO(ATLANTIC) OIL+GAS LTD, quantity: 258.0","cb081404-7b81-4932-80fe-d332cbd78d47","","","",""
"2026-03-16T08:58:15.361Z","2026-03-16","DEFAULT","TRADING","SELL","STOCK","Eco Oil & Gas","CA27887W1005","-0.6206890000","0.6440000000","0.40","","","EUR","","","","Sell trade CA27887W1005 ECO(ATLANTIC) OIL+GAS LTD, quantity: 0.620689","fa17591c-8593-4cfc-9579-525c1f3eedf2","","","",""
"2026-03-16T09:01:14.870534Z","2026-03-16","DEFAULT","CASH","TRANSFER_INSTANT_OUTBOUND","","","","","","-165.550000","","","EUR","","","","Outgoing transfer for ROMEO TALLA FOTSING (DE16300209005310514271)","019cf5e0-c6f6-721c-93b0-aee6bf2d8602","","","",""
"2026-03-17T08:01:08.126Z","2026-03-17","DEFAULT","TRADING","BUY","STOCK","Eco Oil & Gas","CA27887W1005","0.7984490000","0.7740000000","-0.62","","","EUR","","","","Buy trade CA27887W1005 ECO(ATLANTIC) OIL+GAS LTD, quantity: 0.798449","9a5e21f2-9e0e-4507-b6a0-a72a032e660c","","","",""
"2026-03-17T08:01:08.136Z","2026-03-17","DEFAULT","TRADING","BUY","STOCK","Eco Oil & Gas","CA27887W1005","193.0000000000","0.7740000000","-149.38","-1.00","","EUR","","","","Buy trade CA27887W1005 ECO(ATLANTIC) OIL+GAS LTD, quantity: 193.0","c5cd1e1d-3590-412f-90ed-3b3f2e830113","","","",""
"2026-03-17T11:40:32.981341Z","2026-03-17","DEFAULT","CASH","TRANSFER_INSTANT_INBOUND","","","","","","201.000000","","","EUR","","","","Incoming transfer from ROMEO TALLA FOTSING (DE16300209005310514271)","019cfb98-fb55-7c74-aab1-20baade0bfd5","","","",""
"2026-03-17T08:01:01.011466Z","2026-03-17","DEFAULT","CASH","TRANSFER_INSTANT_INBOUND","","","","","","151.000000","","","EUR","","","","Incoming transfer from ROMEO TALLA FOTSING (DE16300209005310514271)","019cfacf-fe53-7fc5-b504-bf588ee87d5a","","","",""
"2026-03-17T11:40:43.524Z","2026-03-17","DEFAULT","TRADING","BUY","STOCK","BP","GB0007980591","0.4663310000","6.3560000000","-2.96","","","EUR","","","","Buy trade GB0007980591 BP PLC, quantity: 0.466331","784fab36-b450-45e0-a53b-b2c9f324cf96","","","",""
"2026-03-17T11:40:43.524Z","2026-03-17","DEFAULT","TRADING","BUY","STOCK","BP","GB0007980591","31.0000000000","6.3560000000","-197.04","-1.00","","EUR","","","","Buy trade GB0007980591 BP PLC, quantity: 31.0","615b090a-cace-40bd-9b66-449b58b6fb9c","","","",""
"2026-03-18T06:42:22.390Z","2026-03-18","DEFAULT","TRADING","SELL","STOCK","DroneShield","AU000000DRO2","-0.0884130000","2.6000000000","0.23","","","EUR","","","","Sell trade AU000000DRO2 DRONESHIELD LTD, quantity: 0.088413","8e0a53d1-2759-4dea-b762-571ae8087609","","","",""
"2026-03-18T06:42:22.397Z","2026-03-18","DEFAULT","TRADING","SELL","STOCK","DroneShield","AU000000DRO2","-108.0000000000","2.6000000000","280.80","-1.00","","EUR","","","","Sell trade AU000000DRO2 DRONESHIELD LTD, quantity: 108.0","31f04d73-2d1c-4f42-aa28-b71fab58ebeb","","","",""
"2026-03-18T06:46:52.967707Z","2026-03-18","DEFAULT","CASH","TRANSFER_INSTANT_OUTBOUND","","","","","","-280.030000","","","EUR","","","","Outgoing transfer for ROMEO TALLA FOTSING (DE16300209005310514271)","019cffb2-7b27-7086-93c0-d3aed20f77d1","","","",""
"2026-03-19T10:13:17.604596Z","2026-03-19","DEFAULT","CASH","TRANSFER_INSTANT_INBOUND","","","","","","201.000000","","","EUR","","","","Incoming transfer from ROMEO TALLA FOTSING (DE16300209005310514271)","019d0595-d0a4-74e1-9a58-faa1c983cf51","","","",""
"2026-03-19T10:13:24.633Z","2026-03-19","DEFAULT","TRADING","BUY","STOCK","Patterson-UTI Energy","US7034811015","20.0000000000","9.7000000000","-194.00","-1.00","","EUR","","","","Buy trade US7034811015 PATTERS.-UTI       DL-,01, quantity: 20.0","528f8705-ed32-4304-943f-ec4f4a0ab48a","","","",""
"2026-03-19T10:13:24.636Z","2026-03-19","DEFAULT","TRADING","BUY","STOCK","Patterson-UTI Energy","US7034811015","0.6185560000","9.7000000000","-6.00","","","EUR","","","","Buy trade US7034811015 PATTERS.-UTI       DL-,01, quantity: 0.618556","4fdeae30-eb4d-4bda-8e6b-076a03c60038","","","",""
"2026-03-19T14:41:17.039231Z","2026-03-19","DEFAULT","CASH","TRANSFER_INSTANT_INBOUND","","","","","","51.000000","","","EUR","","","","Incoming transfer from ROMEO TALLA FOTSING (DE16300209005310514271)","019d068b-2aef-7de1-9ce4-84723614c746","","","",""
"2026-03-19T17:10:54.242842Z","2026-03-19","DEFAULT","CASH","TRANSFER_INSTANT_INBOUND","","","","","","1.000000","","","EUR","","","","Incoming transfer from Romeo Talla Fotsing und Josiane Tefouemewe Tsamo (DE04731500000040868242)","019d0714-2622-766a-ada5-c54606a9dfab","","","",""
"2026-03-19T17:04:38.760201Z","2026-03-19","DEFAULT","CASH","TRANSFER_INSTANT_OUTBOUND","","","","","","-1.000000","","","EUR","","","","Outgoing transfer for Romeo Talla Fotsing (DE04731500000040868242)","019d070e-6b68-7dba-8bb7-7ff3670dfa72","","","",""
"2026-03-20T06:33:32.633Z","2026-03-20","DEFAULT","TRADING","BUY","STOCK","D-Wave Quantum","US26740W1099","0.5739810000","13.9900000000","-8.03","","","EUR","","","","Buy trade US26740W1099 D-WAVE QUATUM    DL-,0001, quantity: 0.573981","157afce7-1a0b-4f68-a753-6e5c690a26eb","","","",""
"2026-03-20T06:33:32.634Z","2026-03-20","DEFAULT","TRADING","BUY","STOCK","D-Wave Quantum","US26740W1099","3.0000000000","13.9900000000","-41.97","-1.00","","EUR","","","","Buy trade US26740W1099 D-WAVE QUATUM    DL-,0001, quantity: 3.0","f7aeaf3f-ce6d-43ce-b436-0b235bea038f","","","",""
"2026-03-20T10:26:56.704054Z","2026-03-20","DEFAULT","CASH","TRANSFER_INSTANT_INBOUND","","","","","","260.000000","","","EUR","","","","Incoming transfer from ROMEO TALLA FOTSING (DE16300209005310514271)","019d0ac8-ac40-7569-98ad-48e80b8ecf88","","","",""
"2026-03-23T07:02:52.035Z","2026-03-23","DEFAULT","TRADING","BUY","FUND","Core S&P 500 USD (Acc)","IE00B5BMR087","0.0415840000","601.2400000000","-25.00","-1.00","","EUR","","","","Buy trade IE00B5BMR087 iShares VII plc - iShares Core S&P 500 UCITS ETF USD (Acc), quantity: 0.041584","9aa66d69-71d3-44ad-900d-c6a02aec8f61","","","",""
"2026-03-23T07:05:51.354164Z","2026-03-23","DEFAULT","CASH","TRANSFER_INSTANT_INBOUND","","","","","","27.000000","","","EUR","","","","Incoming transfer from Romeo Talla Fotsing und Josiane Tefouemewe Tsamo (DE04731500000040868242)","019d1983-a5fa-7aa6-97cc-8283e1f1dd12","","","",""
"2026-03-23T07:06:27.363Z","2026-03-23","DEFAULT","TRADING","BUY","FUND","Core S&P 500 USD (Acc)","IE00B5BMR087","0.4304180000","601.7400000000","-259.00","-1.00","","EUR","","","","Buy trade IE00B5BMR087 iShares VII plc - iShares Core S&P 500 UCITS ETF USD (Acc), quantity: 0.430418","50e830f2-a4fe-497f-9b0a-9b2cae482178","","","",""
"2026-03-23T07:06:58.933021Z","2026-03-23","DEFAULT","CASH","TRANSFER_INSTANT_OUTBOUND","","","","","","-1.000000","","","EUR","","","","Outgoing transfer for Romeo Talla Fotsing und Josiane Tefouemewe Tsamo (DE04731500000040868242)","019d1984-adf5-7ca5-9279-e3132d9de03d","","","",""
"2026-03-26T20:59:04.247805Z","2026-03-26","DEFAULT","CASH","TRANSFER_INSTANT_INBOUND","","","","","","201.000000","","","EUR","","","","Incoming transfer from Romeo Talla Fotsing und Josiane Tefouemewe Tsamo (DE04731500000040868242)","019d2bf1-8eb7-7769-96db-7e97a6a1eed3","","","",""
"2026-03-26T21:03:54.185Z","2026-03-26","DEFAULT","TRADING","BUY","STOCK","Lufthansa","DE0008232125","26.0000000000","7.5980000000","-197.55","-1.00","","EUR","","","","Buy trade DE0008232125 LUFTHANSA AG VNA O.N., quantity: 26","a47627e3-8fd0-4790-8e32-86c8a5bf3ebe","","","",""
"2026-03-26T21:03:54.185Z","2026-03-26","DEFAULT","TRADING","BUY","STOCK","Lufthansa","DE0008232125","0.3227160000","7.5980000000","-2.45","","","EUR","","","","Buy trade DE0008232125 LUFTHANSA AG VNA O.N., quantity: 0.322716","6288dc59-37e8-492b-a451-e1108b2ec907","","","",""
"2026-03-26T21:15:00.837172Z","2026-03-26","DEFAULT","CASH","TRANSFER_INSTANT_INBOUND","","","","","","50.000000","","","EUR","","","","Incoming transfer from Romeo Talla Fotsing und Josiane Tefouemewe Tsamo (DE04731500000040868242)","019d2c00-2765-731f-944b-3ce0021a75f6","","","",""
"2026-03-26T21:15:32.070Z","2026-03-26","DEFAULT","TRADING","BUY","STOCK","Eco Oil & Gas","CA27887W1005","0.0322580000","0.6200000000","-0.02","","","EUR","","","","Buy trade CA27887W1005 ECO(ATLANTIC) OIL+GAS LTD, quantity: 0.032258","9461b839-44f9-4167-b6d3-a5b5ea051e19","","","",""
"2026-03-26T21:15:32.071Z","2026-03-26","DEFAULT","TRADING","BUY","STOCK","Eco Oil & Gas","CA27887W1005","79.0000000000","0.6200000000","-48.98","-1.00","","EUR","","","","Buy trade CA27887W1005 ECO(ATLANTIC) OIL+GAS LTD, quantity: 79.0","6bf53a03-f087-4674-887f-a7fc6b010483","","","",""
"2026-03-26T21:48:37.986073Z","2026-03-26","DEFAULT","CASH","TRANSFER_INSTANT_INBOUND","","","","","","151.000000","","","EUR","","","","Incoming transfer from ROMEO TALLA FOTSING (DE16300209005310514271)","019d2c1e-eee2-7f3b-9647-75d0ea3baed4","","","",""
"2026-03-27T06:31:47.889Z","2026-03-27","DEFAULT","TRADING","BUY","FUND","Core MSCI World USD (Acc)","IE00B4L5Y983","0.3762730000","108.9900000000","-41.01","","","EUR","","","","Buy trade IE00B4L5Y983 iShares III plc - iShares Core MSCI World UCITS ETF USD (Acc), quantity: 0.376273","5fba49d2-d26d-4aa4-8b32-f4cbd7d8768c","","","",""
"2026-03-27T06:31:47.890Z","2026-03-27","DEFAULT","TRADING","BUY","FUND","Core MSCI World USD (Acc)","IE00B4L5Y983","1.0000000000","108.9900000000","-108.99","-1.00","","EUR","","","","Buy trade IE00B4L5Y983 iShares III plc - iShares Core MSCI World UCITS ETF USD (Acc), quantity: 1","6493fff6-86f5-40ad-b93b-940bf0fb1adb","","","",""
"2026-03-27T10:11:47.909238Z","2026-03-27","DEFAULT","CASH","TRANSFER_INSTANT_INBOUND","","","","","","202.000000","","","EUR","","","","Incoming transfer from ROMEO TALLA FOTSING (DE16300209005310514271)","019d2ec7-5245-7fc9-b45a-2a47a643d202","","","",""
"2026-03-30T08:05:22.394232Z","2026-03-30","DEFAULT","CASH","TRANSFER_INSTANT_OUTBOUND","","","","","","-202.000000","","","EUR","","","","Outgoing transfer for ROMEO TALLA FOTSING (DE16300209005310514271)","019d3dc6-a75a-723e-921e-eb3a41401d0a","","","",""
"2026-04-02T09:18:03.413Z","2026-04-02","DEFAULT","TRADING","BUY","CRYPTO","Chainlink","LINK","6.6078700000","7.4154000000","-49.00","-1.00","","EUR","","","","Buy trade XF000LINK010 Chainlink, quantity: 6.60787","a1c71de7-6e79-4ca7-a2c5-988f2df2b09d","","","",""
"2026-04-02T09:43:19.377013Z","2026-04-02","DEFAULT","CASH","TRANSFER_INSTANT_INBOUND","","","","","","50.000000","","","EUR","","","","Incoming transfer from ROMEO TALLA FOTSING (DE16300209005310514271)","019d4d93-6851-7908-a781-b17e6eb123ab","","","",""
"2026-04-02T13:56:31.735388Z","2026-04-02","DEFAULT","CASH","TRANSFER_INSTANT_INBOUND","","","","","","50.000000","","","EUR","","","","Incoming transfer from ROMEO TALLA FOTSING (DE16300209005310514271)","019d4e7b-3977-7c3e-b719-e6f54207832a","","","",""
"2026-04-02T13:56:48.155Z","2026-04-02","DEFAULT","TRADING","BUY","CRYPTO","XRP","XRP","43.6114550000","1.1234370000","-48.99","-1.00","","EUR","","","","Buy trade XF000XRP0018 XRP, quantity: 43.611455","0bd86f42-c866-4a17-ac32-9f1a08d06e40","","","",""
"2026-04-02T14:26:07.469442Z","2026-04-02","DEFAULT","CASH","TRANSFER_INSTANT_INBOUND","","","","","","70.000000","","","EUR","","","","Incoming transfer from ROMEO TALLA FOTSING (DE16300209005310514271)","019d4e96-51ed-7865-812b-c05a72923419","","","",""
"2026-04-02T14:26:13.832Z","2026-04-02","DEFAULT","TRADING","BUY","CRYPTO","Solana","SOL","1.0108850000","68.2570000000","-69.00","-1.00","","EUR","","","","Buy trade XF000SOL0012 Solana, quantity: 1.010885","745965e6-15ae-4c50-91c9-918c76db6e42","","","",""
"2026-04-02T20:52:48.152736Z","2026-04-02","DEFAULT","CASH","TRANSFER_INSTANT_INBOUND","","","","","","201.000000","","","EUR","","","","Incoming transfer from ROMEO TALLA FOTSING (DE16300209005310514271)","019d4ff8-5598-77ac-a41d-1a53c8fb3516","","","",""
"2026-04-02T20:52:53.714Z","2026-04-02","DEFAULT","TRADING","BUY","STOCK","Wizz Air","JE00BN574F90","0.2122950000","10.4100000000","-2.21","","","EUR","","","","Buy trade JE00BN574F90 WIZZ AIR, quantity: 0.212295","46c8c540-9f93-4a93-b8fc-fa5328454e3b","","","",""
"2026-04-02T20:52:53.715Z","2026-04-02","DEFAULT","TRADING","BUY","STOCK","Wizz Air","JE00BN574F90","19.0000000000","10.4100000000","-197.79","-1.00","","EUR","","","","Buy trade JE00BN574F90 WIZZ AIR, quantity: 19.0","54428fb7-a742-43af-9d78-a87fc2c79bf8","","","",""
"2026-04-10T10:03:44.952Z","2026-04-10","DEFAULT","TRADING","SELL","STOCK","Wizz Air","JE00BN574F90","-0.2122950000","11.5200000000","2.45","","","EUR","","","","Sell trade JE00BN574F90 WIZZ AIR, quantity: 0.212295","35a9fd28-feb8-46e2-9a10-6d4b421cc57c","","","",""
"2026-04-10T10:03:44.954Z","2026-04-10","DEFAULT","TRADING","SELL","STOCK","Wizz Air","JE00BN574F90","-19.0000000000","11.5200000000","218.88","-1.00","","EUR","","","","Sell trade JE00BN574F90 WIZZ AIR, quantity: 19.0","b6335044-8bbf-4e2f-8d2d-bf29dbb4436e","","","",""
"2026-04-10T10:04:04.325Z","2026-04-10","DEFAULT","TRADING","SELL","STOCK","Lufthansa","DE0008232125","-26.0000000000","7.9880000000","207.69","-1.00","","EUR","","","","Sell trade DE0008232125 LUFTHANSA AG VNA O.N., quantity: 26","7ba44b97-92aa-4ae1-9a11-06702803f5d6","","","",""
"2026-04-10T10:04:04.325Z","2026-04-10","DEFAULT","TRADING","SELL","STOCK","Lufthansa","DE0008232125","-0.3227160000","7.9880000000","2.58","","","EUR","","","","Sell trade DE0008232125 LUFTHANSA AG VNA O.N., quantity: 0.322716","3970e5ea-55f5-475f-a315-ca87a1502a54","","","",""
"2026-04-10T10:09:11.163124Z","2026-04-10","DEFAULT","CASH","TRANSFER_INSTANT_OUTBOUND","","","","","","-429.610000","","","EUR","","","","Outgoing transfer for ROMEO TALLA FOTSING (DE16300209005310514271)","019d76dd-f5fb-78b2-8800-65ab0bf05a7a","","","",""
"2026-04-11T06:33:41.558419Z","2026-04-11","DEFAULT","CASH","TRANSFER_INSTANT_INBOUND","","","","","","50.000000","","","EUR","","","","Incoming transfer from ROMEO TALLA FOTSING (DE16300209005310514271)","019d7b3f-07b6-7334-b2c4-2113dcfd2be7","","","",""
"2026-04-11T06:33:47.120Z","2026-04-11","DEFAULT","TRADING","BUY","CRYPTO","Cardano","ADA","227.9324200000","0.2149730000","-49.00","-1.00","","EUR","","","","Buy trade XF000ADA0018 Cardano, quantity: 227.93242","fa09bae8-8851-45ba-bc24-1964855d676b","","","",""
"2026-04-11T06:34:56.086164Z","2026-04-11","DEFAULT","CASH","TRANSFER_INSTANT_INBOUND","","","","","","25.000000","","","EUR","","","","Incoming transfer from ROMEO TALLA FOTSING (DE16300209005310514271)","019d7b40-2ad6-7d60-95ab-1815bd1b01f3","","","",""
"2026-04-11T06:35:05.479Z","2026-04-11","DEFAULT","TRADING","BUY","CRYPTO","Polkadot","DOT","21.8904200000","1.0963700000","-24.00","-1.00","","EUR","","","","Buy trade XF000DOT0011 Polkadot, quantity: 21.89042","30c8499f-b2b0-4e09-98f7-7dca57604e06","","","",""
"2026-04-12T15:05:11.185099Z","2026-04-12","DEFAULT","CASH","TRANSFER_INSTANT_INBOUND","","","","","","3.000000","","","EUR","","","","Incoming transfer from ROMEO TALLA FOTSING (DE16300209005310514271)","019d8239-ad11-7cdb-805d-f35f4c713ee2","","","",""
"2026-04-14T14:52:17.645Z","2026-04-14","DEFAULT","TRADING","SELL","STOCK","Eco Oil & Gas","CA27887W1005","-0.8307070000","0.7520000000","0.62","","","EUR","","","","Sell trade CA27887W1005 ECO(ATLANTIC) OIL+GAS LTD, quantity: 0.830707","1b3cd52d-77f4-478d-a62c-c3487514fcc5","","","",""
"2026-04-14T14:52:17.647Z","2026-04-14","DEFAULT","TRADING","SELL","STOCK","Eco Oil & Gas","CA27887W1005","-272.0000000000","0.7520000000","204.54","-1.00","","EUR","","","","Sell trade CA27887W1005 ECO(ATLANTIC) OIL+GAS LTD, quantity: 272.0","654dbfc5-3e74-416d-a886-854131646c22","","","",""
"2026-04-14T20:42:16.929932Z","2026-04-14","DEFAULT","CASH","TRANSFER_INSTANT_INBOUND","","","","","","193.840000","","","EUR","","","","Incoming transfer from Romeo Talla Fotsing und Josiane Tefouemewe Tsamo (DE04731500000040868242)","019d8dbb-03e1-7fc1-8a1b-c557e3bc5f3e","","","",""
"2026-04-14T20:42:56.189Z","2026-04-14","DEFAULT","TRADING","BUY","FUND","DAX EUR (Acc)","LU0274211480","0.7761980000","225.2000000000","-174.80","","","EUR","","","","Buy trade LU0274211480 Xtrackers - Xtrackers DAX UCITS ETF 1C, quantity: 0.776198","28b9bed7-6970-4bc4-98b4-61031dcd58dc","","","",""
"2026-04-14T20:42:56.189Z","2026-04-14","DEFAULT","TRADING","BUY","FUND","DAX EUR (Acc)","LU0274211480","1.0000000000","225.2000000000","-225.20","-1.00","","EUR","","","","Buy trade LU0274211480 Xtrackers - Xtrackers DAX UCITS ETF 1C, quantity: 1","c1d06d44-b5ef-4cc0-b495-d10c9dced4aa","","","",""
"2026-04-15T07:04:40.136751Z","2026-04-15","DEFAULT","CASH","TRANSFER_INSTANT_INBOUND","","","","","","10.000000","","","EUR","","","","Incoming transfer from ROMEO TALLA FOTSING (DE16300209005310514271)","019d8ff4-d3c8-7236-b2d1-6b89027b7443","","","",""
"2026-04-15T07:16:20.832497Z","2026-04-15","DEFAULT","CASH","TRANSFER_OUT","","","","","","-10.000000","","","EUR","","","","Outgoing transfer for Guetsa Kheri Talla (DE93100123454609710911)","019d8fff-84e0-731c-9ec6-6a3124512e8a","","","",""
"2026-04-15T15:47:23.842192Z","2026-04-15","DEFAULT","CASH","TRANSFER_INSTANT_OUTBOUND","","","","","","-10.000000","","","EUR","","","","Outgoing transfer for ROMEO TALLA FOTSING (DE16300209005310514271)","019d91d3-6642-7bab-807d-9f83c6eb983c","","","",""
"2026-04-15T15:47:00.874545Z","2026-04-15","DEFAULT","CASH","TRANSFER_IN","","","","","","10.000000","","","EUR","","","","Incoming transfer from Guetsa Kheri Talla (DE93100123454609710911)","019d91d3-0c8a-7b97-9671-b279dfc5725c","","","",""
"2026-04-15T19:59:54.176Z","2026-04-15","DEFAULT","TRADING","SELL","STOCK","D-Wave Quantum","US26740W1099","-14.0000000000","17.6050000000","246.47","-1.00","","EUR","","","","Sell trade US26740W1099 D-WAVE QUATUM    DL-,0001, quantity: 14","c5211efb-8711-40fe-9e10-c4c5699260fc","","","",""
"2026-04-15T19:59:54.203Z","2026-04-15","DEFAULT","TRADING","SELL","STOCK","D-Wave Quantum","US26740W1099","-0.1214660000","17.6050000000","2.14","","","EUR","","","","Sell trade US26740W1099 D-WAVE QUATUM    DL-,0001, quantity: 0.121466","ea340d3a-6b6e-46b3-a55f-6eac2b26177a","","","",""
"2026-04-15T20:48:10.757Z","2026-04-15","DEFAULT","TRADING","BUY","STOCK","D-Wave Quantum","US26740W1099","0.4646960000","18.2700000000","-8.49","","","EUR","","","","Buy trade US26740W1099 D-WAVE QUATUM    DL-,0001, quantity: 0.464696","70b8cd39-bc92-4b51-aa12-e1a5e1cb55e2","","","",""
"2026-04-15T20:48:10.759Z","2026-04-15","DEFAULT","TRADING","BUY","STOCK","D-Wave Quantum","US26740W1099","13.0000000000","18.2700000000","-237.51","-1.00","","EUR","","","","Buy trade US26740W1099 D-WAVE QUATUM    DL-,0001, quantity: 13","8c31a60f-221e-4aab-82c1-a52df33095ce","","","",""
"2026-04-16T08:16:45.684500Z","2026-04-16","DEFAULT","CASH","TRANSFER_INSTANT_INBOUND","","","","","","200.000000","","","EUR","","","","Incoming transfer from Romeo Talla Fotsing und Josiane Tefouemewe Tsamo (DE04731500000040868242)","019d955d-3074-7aba-974e-e62098116744","","","",""
"2026-04-16T08:17:19.765Z","2026-04-16","DEFAULT","TRADING","BUY","STOCK","Bayer","DE000BAY0017","4.0000000000","40.4200000000","-161.68","-1.00","","EUR","","","","Buy trade DE000BAY0017 BAYER AG O.N., quantity: 4","b8413df8-a38b-4b53-b9e1-42fbd220c6b5","","","",""
"2026-04-16T08:17:19.810Z","2026-04-16","DEFAULT","TRADING","BUY","STOCK","Bayer","DE000BAY0017","0.9233050000","40.4200000000","-37.32","","","EUR","","","","Buy trade DE000BAY0017 BAYER AG O.N., quantity: 0.923305","e709bce6-823f-4e7d-8a05-071baa944f5f","","","",""
"2026-04-16T18:08:56.486330Z","2026-04-16","DEFAULT","CASH","TRANSFER_IN","","","","","","0.270000","","","EUR","","","","Incoming transfer from Guetsa Kheri Talla (DE93100123454609710911)","019d977b-58a6-7264-aeb8-594b757b171f","","","",""
"2026-04-17T10:37:50.273670Z","2026-04-17","DEFAULT","CASH","TRANSFER_INSTANT_INBOUND","","","","","","201.000000","","","EUR","","","","Incoming transfer from ROMEO TALLA FOTSING (DE16300209005310514271)","019d9b04-b541-7387-b9c8-b576d0a813af","","","",""
"2026-04-17T10:39:11.769Z","2026-04-17","DEFAULT","TRADING","BUY","STOCK","Netflix","US64110L1061","0.4363500000","82.0900000000","-35.82","","","EUR","","","","Buy trade US64110L1061 NETFLIX INC.      DL-,001, quantity: 0.43635","e49cf297-fc8f-46dc-bd70-09b076fe262a","","","",""
"2026-04-17T10:39:11.774Z","2026-04-17","DEFAULT","TRADING","BUY","STOCK","Netflix","US64110L1061","2.0000000000","82.0900000000","-164.18","-1.00","","EUR","","","","Buy trade US64110L1061 NETFLIX INC.      DL-,001, quantity: 2","c1318eea-5f78-4d21-8498-cc0587565a94","","","",""
"2026-04-17T12:34:30.016360Z","2026-04-17","DEFAULT","CASH","TRANSFER_INSTANT_INBOUND","","","","","","2.000000","","","EUR","","","","Incoming transfer from Romeo Talla Fotsing und Josiane Tefouemewe Tsamo (DE04731500000040868242)","019d9b6f-8400-7f00-8ea4-2a1ab2cc2d49","","","",""
"2026-04-17T12:35:07.530762Z","2026-04-17","DEFAULT","CASH","TRANSFER_INSTANT_OUTBOUND","","","","","","-2.880000","","","EUR","","","","Outgoing transfer for Romeo Talla Fotsing und Josiane Tefouemewe Tsamo (DE04731500000040868242)","019d9b70-168a-7c88-874f-0d99ef519719","","","",""
"2026-04-17T20:42:23.522354Z","2026-04-17","DEFAULT","CASH","TRANSFER_INSTANT_INBOUND","","","","","","51.000000","","","EUR","","","","Incoming transfer from ROMEO TALLA FOTSING (DE16300209005310514271)","019d9d2e-31a2-7dd4-975d-2fcd9745e25e","","","",""
"2026-04-17T20:43:09.642592Z","2026-04-17","DEFAULT","CASH","TRANSFER_INSTANT_INBOUND","","","","","","50.000000","","","EUR","","","","Incoming transfer from ROMEO TALLA FOTSING (DE16300209005310514271)","019d9d2e-e5ca-76cb-8a08-b5d606feb9a8","","","",""
"2026-04-17T20:43:19.758Z","2026-04-17","DEFAULT","TRADING","BUY","STOCK","Patterson-UTI Energy","US7034811015","0.4409050000","8.0380000000","-3.54","","","EUR","","","","Buy trade US7034811015 PATTERS.-UTI       DL-,01, quantity: 0.440905","5539549b-2647-4d7e-84fc-f6dade548501","","","",""
"2026-04-17T20:43:19.770Z","2026-04-17","DEFAULT","TRADING","BUY","STOCK","Patterson-UTI Energy","US7034811015","12.0000000000","8.0380000000","-96.46","-1.00","","EUR","","","","Buy trade US7034811015 PATTERS.-UTI       DL-,01, quantity: 12.0","70278dab-63e6-4376-9c56-de42fad7958b","","","",""
"2026-04-22T11:01:19.739557Z","2026-04-22","DEFAULT","CASH","TRANSFER_INSTANT_INBOUND","","","","","","1.000000","","","EUR","","","","Incoming transfer from Romeo Talla Fotsing und Josiane Tefouemewe Tsamo (DE04731500000040868242)","019db4da-02fb-7be2-912a-ff8f3657b606","","","",""
"2026-04-23T16:12:42.592Z","2026-04-23","DEFAULT","TRADING","SELL","STOCK","Patterson-UTI Energy","US7034811015","-0.0594610000","9.4780000000","0.56","","","EUR","","","","Sell trade US7034811015 PATTERS.-UTI       DL-,01, quantity: 0.059461","5c6d2d20-e1ff-4a26-a5bb-74e9f142fc6f","","","",""
"2026-04-23T16:12:42.594Z","2026-04-23","DEFAULT","TRADING","SELL","STOCK","Patterson-UTI Energy","US7034811015","-33.0000000000","9.4780000000","312.77","-1.00","","EUR","","","","Sell trade US7034811015 PATTERS.-UTI       DL-,01, quantity: 33.0","8870175f-c2ba-4256-b0e3-273ac493e914","","","",""
"2026-04-25T10:30:36.608267Z","2026-04-25","DEFAULT","CASH","TRANSFER_INSTANT_OUTBOUND","","","","","","-313.330000","","","EUR","","","","Outgoing transfer for Romeo Talla Fotsing und Josiane Tefouemewe Tsamo (DE04731500000040868242)","019dc430-f740-7953-8cfe-3b280036c13e","","","",""
"2026-04-28T07:41:26.758243Z","2026-04-28","DEFAULT","CASH","TRANSFER_INSTANT_INBOUND","","","","","","150.000000","","","EUR","","","","Incoming transfer from ROMEO TALLA FOTSING (DE16300209005310514271)","019dd309-2b66-7623-b072-ff3f94978bdb","","","",""
"2026-04-28T10:28:24.748Z","2026-04-28","DEFAULT","TRADING","BUY","FUND","DAX EUR (Acc)","LU0274211480","0.4428690000","225.8000000000","-100.00","-1.00","","EUR","","","","Buy trade LU0274211480 Xtrackers - Xtrackers DAX UCITS ETF 1C, quantity: 0.442869","6e0876da-e5dc-45af-bfb8-ec37b63d92bb","","","",""
"2026-04-28T20:57:43.647Z","2026-04-28","DEFAULT","TRADING","BUY","STOCK","Plug Power","US72919P2020","18.0000000000","2.6010000000","-46.82","-1.00","","EUR","","","","Buy trade US72919P2020 PLUG POWER INC. DL-,01, quantity: 18","129c8a66-6d7b-4eef-ad88-a1f5f197116b","","","",""
"2026-04-28T20:57:43.649Z","2026-04-28","DEFAULT","TRADING","BUY","STOCK","Plug Power","US72919P2020","0.4544400000","2.6010000000","-1.18","","","EUR","","","","Buy trade US72919P2020 PLUG POWER INC. DL-,01, quantity: 0.45444","ec7d2fa8-f6d7-45ea-a797-e3a8b505dc2e","","","",""
"2026-04-28T20:58:25.802747Z","2026-04-28","DEFAULT","CASH","TRANSFER_INSTANT_INBOUND","","ROMEO TALLA FOTSING","","","","100.000000","","","EUR","","","","Incoming transfer from ROMEO TALLA FOTSING (DE16300209005310514271)","019dd5e2-d48a-7a62-a527-0700a1cd1bcc","ROMEO TALLA FOTSING","DE16300209005310514271","",""
"2026-04-28T20:58:43.430Z","2026-04-28","DEFAULT","TRADING","BUY","STOCK","D-Wave Quantum","US26740W1099","0.3850370000","15.5050000000","-5.97","","","EUR","","","","Buy trade US26740W1099 D-WAVE QUATUM    DL-,0001, quantity: 0.385037","5dd4ec5b-15c4-4ba8-aa25-bedca3051e5d","","","",""
"2026-04-28T20:58:43.432Z","2026-04-28","DEFAULT","TRADING","BUY","STOCK","D-Wave Quantum","US26740W1099","6.0000000000","15.5050000000","-93.03","-1.00","","EUR","","","","Buy trade US26740W1099 D-WAVE QUATUM    DL-,0001, quantity: 6","0440ca6d-36ca-468e-8185-9c97a8018d4a","","","",""
"2026-04-29T08:12:18.212185Z","2026-04-29","DEFAULT","CASH","DIVIDEND","STOCK","Bayer","DE000BAY0017","5.5052190000","","0.610000","","","EUR","","","","Cash Dividend for ISIN DE000BAY0017","019dd84b-c7a4-76c6-9e0e-52028a47efc0","","","",""
"2026-04-29T08:17:56.717817Z","2026-04-29","DEFAULT","CASH","TRANSFER_INSTANT_INBOUND","","ROMEO TALLA FOTSING","","","","201.000000","","","EUR","","","","Incoming transfer from ROMEO TALLA FOTSING (DE16300209005310514271)","019dd850-f1ed-7a13-9d3f-479d76734676","ROMEO TALLA FOTSING","DE16300209005310514271","",""
"2026-04-29T08:18:04.888Z","2026-04-29","DEFAULT","TRADING","BUY","STOCK","Bayer","DE000BAY0017","5.0000000000","36.4500000000","-182.25","-1.00","","EUR","","","","Buy trade DE000BAY0017 BAYER AG O.N., quantity: 5","b2617944-82ec-423a-a605-f09ce2996fc9","","","",""
"2026-04-29T08:18:04.889Z","2026-04-29","DEFAULT","TRADING","BUY","STOCK","Bayer","DE000BAY0017","0.4869680000","36.4500000000","-17.75","","","EUR","","","","Buy trade DE000BAY0017 BAYER AG O.N., quantity: 0.486968","2bfc7d57-1ba5-45e9-b27a-0aa9dea6605a","","","",""
"2026-04-30T19:33:21.427Z","2026-04-30","DEFAULT","TRADING","BUY","STOCK","Plug Power","US72919P2020","0.9355810000","2.6390000000","-2.47","","","EUR","","","","Buy trade US72919P2020 PLUG POWER INC. DL-,01, quantity: 0.935581","cf3a22b5-b026-416c-98a8-aa5edf7c47b0","","","",""
"2026-04-30T19:33:21.429Z","2026-04-30","DEFAULT","TRADING","BUY","STOCK","Plug Power","US72919P2020","29.0000000000","2.6390000000","-76.53","-1.00","","EUR","","","","Buy trade US72919P2020 PLUG POWER INC. DL-,01, quantity: 29","6d87e23e-d187-404e-ac7e-f07eb25c0ce7","","","",""
"2026-04-30T19:34:29.279582Z","2026-04-30","DEFAULT","CASH","TRANSFER_INSTANT_INBOUND","","ROMEO TALLA FOTSING","","","","501.000000","","","EUR","","","","Incoming transfer from ROMEO TALLA FOTSING (DE16300209005310514271)","019ddfe2-b29f-7bbe-a5ec-bdbad25d509d","ROMEO TALLA FOTSING","DE16300209005310514271","",""
"2026-04-30T19:33:12.497580Z","2026-04-30","DEFAULT","CASH","TRANSFER_INSTANT_INBOUND","","ROMEO TALLA FOTSING","","","","80.000000","","","EUR","","","","Incoming transfer from ROMEO TALLA FOTSING (DE16300209005310514271)","019ddfe1-86b1-736f-b121-58eb9af2920c","ROMEO TALLA FOTSING","DE16300209005310514271","",""
"2026-04-30T19:37:31.781Z","2026-04-30","DEFAULT","TRADING","BUY","STOCK","Uranium Energy","US9168961038","0.8308530000","12.7700000000","-10.61","","","EUR","","","","Buy trade US9168961038 URANIUM ENERGY    DL-,001, quantity: 0.830853","335b03b7-3aee-4460-b1b5-229d6f764786","","","",""
"2026-04-30T19:37:31.782Z","2026-04-30","DEFAULT","TRADING","BUY","STOCK","Uranium Energy","US9168961038","7.0000000000","12.7700000000","-89.39","-1.00","","EUR","","","","Buy trade US9168961038 URANIUM ENERGY    DL-,001, quantity: 7","3bf299b4-f036-4622-92a1-c378bd2bce2e","","","",""
"2026-04-30T19:44:52.392428Z","2026-04-30","DEFAULT","CASH","TRANSFER_INSTANT_INBOUND","","ROMEO TALLA FOTSING","","","","129.590000","","","EUR","","","","Incoming transfer from ROMEO TALLA FOTSING (DE16300209005310514271)","019ddfec-34a8-7d64-83d7-74d336a10784","ROMEO TALLA FOTSING","DE16300209005310514271","",""
"2026-04-30T20:03:34.157Z","2026-04-30","DEFAULT","TRADING","BUY","FUND","MSCI Robotics & AI ESG Screened EUR (Acc)","LU1861132840","4.0000000000","122.6800000000","-490.72","-1.00","","EUR","","","","Buy trade LU1861132840 Amundi Index Solutions - Amundi MSCI Robotics & AI UCITS ETF Acc, quantity: 4.0","d00d7030-1fa9-40c9-bb2c-dfcb8fa86255","","","",""
"2026-04-30T20:03:34.160Z","2026-04-30","DEFAULT","TRADING","BUY","FUND","MSCI Robotics & AI ESG Screened EUR (Acc)","LU1861132840","0.3120310000","122.6800000000","-38.28","","","EUR","","","","Buy trade LU1861132840 Amundi Index Solutions - Amundi MSCI Robotics & AI UCITS ETF Acc, quantity: 0.312031","feacd1a3-a749-4962-8325-10b9cf794745","","","",""
"2026-05-05T10:31:23.289229Z","2026-05-05","DEFAULT","CASH","TRANSFER_INSTANT_INBOUND","","ROMEO TALLA FOTSING","","","","100.000000","","","EUR","","","","Incoming transfer from ROMEO TALLA FOTSING (DE16300209005310514271)","019df7b1-4599-7d23-bd22-9540b5d9e0a3","ROMEO TALLA FOTSING","DE16300209005310514271","",""
"2026-05-05T10:45:27.334059Z","2026-05-05","DEFAULT","CASH","TRANSFER_INSTANT_INBOUND","","ROMEO TALLA FOTSING","","","","23.600000","","","EUR","","","","Incoming transfer from ROMEO TALLA FOTSING (DE16300209005310514271)","019df7be-26a6-714b-8d33-7c4d9e7296ce","ROMEO TALLA FOTSING","DE16300209005310514271","",""
"2026-05-05T10:46:28.084431Z","2026-05-05","DEFAULT","CASH","TRANSFER_INSTANT_INBOUND","","Romeo Talla Fotsing und Josiane Tefouemewe Tsamo","","","","0.200000","","","EUR","","","","Incoming transfer from Romeo Talla Fotsing und Josiane Tefouemewe Tsamo (DE04731500000040868242)","019df7bf-13f4-7625-a99b-9cc11937f81a","Romeo Talla Fotsing und Josiane Tefouemewe Tsamo","DE04731500000040868242","",""
"2026-05-05T12:56:06.494738Z","2026-05-05","DEFAULT","CASH","TRANSFER_INSTANT_OUTBOUND","","ROMEO TALLA FOTSING","","","","-124.000000","","","EUR","","","","Outgoing transfer for ROMEO TALLA FOTSING (DE16300209005310514271)","019df835-c45e-7746-9d87-791e5ac6fcce","ROMEO TALLA FOTSING","DE16300209005310514271","",""
"2026-05-05T15:59:30.665Z","2026-05-05","DEFAULT","TRADING","SELL","FUND","DAX EUR (Acc)","LU0274211480","-2.0000000000","228.3000000000","456.60","-1.00","","EUR","","","","Sell trade LU0274211480 Xtrackers - Xtrackers DAX UCITS ETF 1C, quantity: 2","7d12fbcd-9d52-487c-89fb-e80b1138f853","","","",""
"2026-05-05T15:59:30.667Z","2026-05-05","DEFAULT","TRADING","SELL","FUND","DAX EUR (Acc)","LU0274211480","-0.2190670000","228.3000000000","50.01","","","EUR","","","","Sell trade LU0274211480 Xtrackers - Xtrackers DAX UCITS ETF 1C, quantity: 0.219067","8ce0adac-392a-48c3-a367-6120dd8f12f5","","","",""
"2026-05-05T15:59:58.170Z","2026-05-05","DEFAULT","TRADING","BUY","FUND","Core Stoxx Europe 600 EUR (Acc)","LU0908500753","1.0000000000","297.7000000000","-297.70","-1.00","","EUR","","","","Buy trade LU0908500753 Amundi Index Solutions - Amundi Core Stoxx Europe 600 UCITS ETF Acc, quantity: 1","ae7cd5d1-eaa8-44d3-9990-ac6673a982e6","","","",""
"2026-05-05T15:59:58.171Z","2026-05-05","DEFAULT","TRADING","BUY","FUND","Core Stoxx Europe 600 EUR (Acc)","LU0908500753","0.6924110000","297.7000000000","-206.13","","","EUR","","","","Buy trade LU0908500753 Amundi Index Solutions - Amundi Core Stoxx Europe 600 UCITS ETF Acc, quantity: 0.692411","078d75f3-d8b5-425c-80d7-4020032eaba6","","","",""
"2026-05-05T18:49:20.486Z","2026-05-05","DEFAULT","TRADING","SELL","STOCK","D-Wave Quantum","US26740W1099","-0.8497330000","18.4750000000","15.70","","","EUR","","","","Sell trade US26740W1099 D-WAVE QUATUM    DL-,0001, quantity: 0.849733","b40f0e0e-f020-4c7d-a394-531211107da5","","","",""
"2026-05-05T18:49:20.489Z","2026-05-05","DEFAULT","TRADING","SELL","STOCK","D-Wave Quantum","US26740W1099","-19.0000000000","18.4750000000","351.03","-1.00","","EUR","","","","Sell trade US26740W1099 D-WAVE QUATUM    DL-,0001, quantity: 19","620728c7-7008-4a6d-b650-62c80620f338","","","",""
"2026-05-05T18:49:34.582Z","2026-05-05","DEFAULT","TRADING","SELL","STOCK","Plug Power","US72919P2020","-0.2695130000","2.8150000000","0.76","","","EUR","","","","Sell trade US72919P2020 PLUG POWER INC. DL-,01, quantity: 0.269513","4dd3e2cc-0455-418b-952a-3c05c80d10ac","","","",""
"2026-05-05T18:49:34.585Z","2026-05-05","DEFAULT","TRADING","SELL","STOCK","Plug Power","US72919P2020","-99.0000000000","2.8150000000","278.69","-1.00","","EUR","","","","Sell trade US72919P2020 PLUG POWER INC. DL-,01, quantity: 99","5bea88e8-e986-4714-aacc-4d1fafd43bcf","","","",""
"2026-05-06T10:19:22.039Z","2026-05-06","DEFAULT","TRADING","BUY","STOCK","BP","GB0007980591","15.0000000000","6.3270000000","-94.91","-1.00","","EUR","","","","Buy trade GB0007980591 BP PLC, quantity: 15.0","7c188116-0b5a-4678-a6f5-2dc91f205f88","","","",""
"2026-05-06T10:19:22.049Z","2026-05-06","DEFAULT","TRADING","BUY","STOCK","BP","GB0007980591","0.8052780000","6.3270000000","-5.09","","","EUR","","","","Buy trade GB0007980591 BP PLC, quantity: 0.805278","a7ee9f9e-5645-489c-830b-69d8f59242f6","","","",""
"2026-05-06T11:33:30.086Z","2026-05-06","DEFAULT","TRADING","BUY","STOCK","D-Wave Quantum","US26740W1099","18.0000000000","18.9300000000","-340.74","-1.00","","EUR","","","","Buy trade US26740W1099 D-WAVE QUATUM    DL-,0001, quantity: 18","d4fef195-a36c-4cfd-8cd9-d5e28c1a05c9","","","",""
"2026-05-06T11:33:30.089Z","2026-05-06","DEFAULT","TRADING","BUY","STOCK","D-Wave Quantum","US26740W1099","0.4891700000","18.9300000000","-9.26","","","EUR","","","","Buy trade US26740W1099 D-WAVE QUATUM    DL-,0001, quantity: 0.48917","36ff94f2-58e0-456b-adbb-51f2570c05f7","","","",""
"2026-05-06T11:35:23.336Z","2026-05-06","DEFAULT","TRADING","BUY","FUND","Core MSCI World USD (Acc)","IE00B4L5Y983","1.0000000000","119.3400000000","-119.34","-1.00","","EUR","","","","Buy trade IE00B4L5Y983 iShares III plc - iShares Core MSCI World UCITS ETF USD (Acc), quantity: 1","4297fffc-d9c4-4bc3-bf3a-4a5d6fdbad77","","","",""
"2026-05-06T11:35:23.350Z","2026-05-06","DEFAULT","TRADING","BUY","FUND","Core MSCI World USD (Acc)","IE00B4L5Y983","0.2569130000","119.3400000000","-30.66","","","EUR","","","","Buy trade IE00B4L5Y983 iShares III plc - iShares Core MSCI World UCITS ETF USD (Acc), quantity: 0.256913","8668f5b4-bc29-4e91-98e2-ebe0274b7016","","","",""
"2026-05-06T11:40:38.277Z","2026-05-06","DEFAULT","TRADING","BUY","STOCK","Netflix","US64110L1061","0.5375620000","74.4100000000","-40.00","-1.00","","EUR","","","","Buy trade US64110L1061 NETFLIX INC.      DL-,001, quantity: 0.537562","ad5c8c33-8830-4940-9e48-d7baa0ce09b2","","","",""
"2026-05-06T12:38:14.926954Z","2026-05-06","DEFAULT","CASH","TRANSFER_INSTANT_INBOUND","","ROMEO TALLA FOTSING","","","","259.040000","","","EUR","","","","Incoming transfer from ROMEO TALLA FOTSING (DE16300209005310514271)","019dfd4b-c68e-7065-b4f1-dd0674a1823b","ROMEO TALLA FOTSING","DE16300209005310514271","",""
"2026-05-06T12:40:23.064Z","2026-05-06","DEFAULT","TRADING","BUY","FUND","Core S&P 500 USD (Acc)","IE00B5BMR087","0.3872830000","668.7600000000","-259.00","-1.00","","EUR","","","","Buy trade IE00B5BMR087 iShares VII plc - iShares Core S&P 500 UCITS ETF USD (Acc), quantity: 0.387283","66c0cae3-67ac-4182-b9ad-3b8ae1d5c9ff","","","",""
"2026-05-07T09:15:24.784725Z","2026-05-07","DEFAULT","CASH","TRANSFER_OUT","","Fotsing Kydan Talla","","","","-51.000000","","","EUR","","","","Outgoing transfer for Fotsing Kydan Talla (DE67100123452517543211)","019e01b8-6ef0-7fb5-9c29-b9a49c5bdfe2","Fotsing Kydan Talla","DE67100123452517543211","",""
"2026-05-07T09:14:45.084536Z","2026-05-07","DEFAULT","CASH","TRANSFER_INSTANT_INBOUND","","ROMEO TALLA FOTSING","","","","153.000000","","","EUR","","","","Incoming transfer from ROMEO TALLA FOTSING (DE16300209005310514271)","019e01b7-d3dc-78d5-af51-1098c322db78","ROMEO TALLA FOTSING","DE16300209005310514271","",""
"2026-05-07T09:16:36.338496Z","2026-05-07","DEFAULT","CASH","TRANSFER_OUT","","Guetsa Kheri Talla","","","","-51.000000","","","EUR","","","","Outgoing transfer for Guetsa Kheri Talla (DE93100123454609710911)","019e01b9-8672-7e76-9c80-3afe411ba6d4","Guetsa Kheri Talla","DE93100123454609710911","",""
"2026-05-07T09:18:05.375997Z","2026-05-07","DEFAULT","CASH","TRANSFER_OUT","","Tene Klever Talla","","","","-51.000000","","","EUR","","","","Outgoing transfer for Tene Klever Talla (DE53100123454355905311)","019e01ba-e23f-76ec-9c87-3d52ed1d4f7a","Tene Klever Talla","DE53100123454355905311","",""
"2026-05-07T15:13:49.284888Z","2026-05-07","DEFAULT","CASH","TRANSFER_INSTANT_INBOUND","","ROMEO TALLA FOTSING","","","","77.000000","","","EUR","","","","Incoming transfer from ROMEO TALLA FOTSING (DE16300209005310514271)","019e0300-90e4-7b24-bc69-fcec32e8518a","ROMEO TALLA FOTSING","DE16300209005310514271","",""
"2026-05-07T20:55:26.825435Z","2026-05-07","DEFAULT","CASH","TRANSFER_INSTANT_INBOUND","","ROMEO TALLA FOTSING","","","","224.000000","","","EUR","","","","Incoming transfer from ROMEO TALLA FOTSING (DE16300209005310514271)","019e0439-5569-7604-979d-1024076f80ea","ROMEO TALLA FOTSING","DE16300209005310514271","",""
"2026-05-07T20:56:06.932Z","2026-05-07","DEFAULT","TRADING","BUY","STOCK","Patterson-UTI Energy","US7034811015","0.5561210000","9.8180000000","-5.46","","","EUR","","","","Buy trade US7034811015 PATTERS.-UTI       DL-,01, quantity: 0.556121","e6c9e3ca-db65-4a93-bb05-4d8842904bd8","","","",""
"2026-05-07T20:56:06.932Z","2026-05-07","DEFAULT","TRADING","BUY","STOCK","Patterson-UTI Energy","US7034811015","30.0000000000","9.8180000000","-294.54","-1.00","","EUR","","","","Buy trade US7034811015 PATTERS.-UTI       DL-,01, quantity: 30.0","396dc738-fa81-408a-9666-e9f3406db797","","","",""
"2026-05-11T13:40:26.264045Z","2026-05-11","DEFAULT","CASH","TRANSFER_INSTANT_INBOUND","","ROMEO TALLA FOTSING","","","","201.000000","","","EUR","","","","Incoming transfer from ROMEO TALLA FOTSING (DE16300209005310514271)","019e1744-8218-743f-812b-6b5bbf64b7b3","ROMEO TALLA FOTSING","DE16300209005310514271","",""
"2026-05-11T13:40:36.459Z","2026-05-11","DEFAULT","TRADING","BUY","STOCK","Pfizer","US7170811035","0.0826520000","22.0200000000","-1.82","","","EUR","","","","Buy trade US7170811035 PFIZER INC. DL-,05, quantity: 0.082652","e2862c08-4179-497f-8447-51eeb8c18ec5","","","",""
"2026-05-11T13:40:36.459Z","2026-05-11","DEFAULT","TRADING","BUY","STOCK","Pfizer","US7170811035","9.0000000000","22.0200000000","-198.18","-1.00","","EUR","","","","Buy trade US7170811035 PFIZER INC. DL-,05, quantity: 9.0","932130ce-99c7-4f0a-a55b-05fe84192591","","","",""
"2026-05-12T09:04:20.228Z","2026-05-12","DEFAULT","TRADING","SELL","STOCK","D-Wave Quantum","US26740W1099","-18.0000000000","21.4000000000","385.20","-1.00","","EUR","","","","Sell trade US26740W1099 D-WAVE QUATUM    DL-,0001, quantity: 18","7223938d-cb95-4c71-8243-12839cf2e9ca","","","",""
"2026-05-12T09:04:20.229Z","2026-05-12","DEFAULT","TRADING","SELL","STOCK","D-Wave Quantum","US26740W1099","-0.4891700000","21.4000000000","10.47","","","EUR","","","","Sell trade US26740W1099 D-WAVE QUATUM    DL-,0001, quantity: 0.48917","6e6c5928-46bc-4e1e-880d-34a21b7e999d","","","",""
"2026-05-14T09:23:28.872Z","2026-05-14","DEFAULT","TRADING","BUY","STOCK","DroneShield","AU000000DRO2","150.0000000000","1.9900000000","-298.50","-1.00","","EUR","","","","Buy trade AU000000DRO2 DRONESHIELD LTD, quantity: 150.0","bf302f9f-3ee0-40ed-a7e0-e42401561f8a","","","",""
"2026-05-14T09:23:28.872Z","2026-05-14","DEFAULT","TRADING","BUY","STOCK","DroneShield","AU000000DRO2","0.7537680000","1.9900000000","-1.50","","","EUR","","","","Buy trade AU000000DRO2 DRONESHIELD LTD, quantity: 0.753768","8b9f7a2f-0611-49b9-96f7-8050794b11b2","","","",""
"2026-05-14T09:24:37.780Z","2026-05-14","DEFAULT","TRADING","BUY","STOCK","Netflix","US64110L1061","1.0000000000","75.0400000000","-75.04","-1.00","","EUR","","","","Buy trade US64110L1061 NETFLIX INC.      DL-,001, quantity: 1","9f902256-8efe-4f5f-a853-6b7165548272","","","",""
"2026-05-14T09:24:37.780Z","2026-05-14","DEFAULT","TRADING","BUY","STOCK","Netflix","US64110L1061","0.2260120000","75.0400000000","-16.96","","","EUR","","","","Buy trade US64110L1061 NETFLIX INC.      DL-,001, quantity: 0.226012","44e10865-b532-41a4-8cf5-3b673abc4789","","","",""
"2026-05-15T15:20:47.068Z","2026-05-15","DEFAULT","TRADING","SELL","STOCK","Patterson-UTI Energy","US7034811015","-0.5561210000","10.4650000000","5.82","","","EUR","","","","Sell trade US7034811015 PATTERS.-UTI       DL-,01, quantity: 0.556121","c0f467bf-799e-47d0-b19d-1fd8b27f9804","","","",""
"2026-05-15T15:20:47.070Z","2026-05-15","DEFAULT","TRADING","SELL","STOCK","Patterson-UTI Energy","US7034811015","-30.0000000000","10.4650000000","313.95","-1.00","","EUR","","","","Sell trade US7034811015 PATTERS.-UTI       DL-,01, quantity: 30.0","876f34a2-28f1-4a5c-966f-2aabe31a1a3a","","","",""
"2026-05-18T16:09:07.933Z","2026-05-18","DEFAULT","TRADING","BUY","STOCK","D-Wave Quantum","US26740W1099","19.0000000000","16.0800000000","-305.52","-1.00","","EUR","","","","Buy trade US26740W1099 D-WAVE QUATUM    DL-,0001, quantity: 19","f3574165-9ae5-49a1-9e84-7af0037b3d01","","","",""
"2026-05-18T16:09:07.950Z","2026-05-18","DEFAULT","TRADING","BUY","STOCK","D-Wave Quantum","US26740W1099","0.7761190000","16.0800000000","-12.48","","","EUR","","","","Buy trade US26740W1099 D-WAVE QUATUM    DL-,0001, quantity: 0.776119","b26ea71d-6b38-4731-95ca-7b10ac0cc7ff","","","",""
"2026-05-18T19:57:39.556837Z","2026-05-18","DEFAULT","CASH","TRANSFER_INSTANT_INBOUND","","ROMEO TALLA FOTSING","","","","51.000000","","","EUR","","","","Incoming transfer from ROMEO TALLA FOTSING (DE16300209005310514271)","019e3caa-6164-730f-876a-bfe7db368919","ROMEO TALLA FOTSING","DE16300209005310514271","",""
"2026-05-18T19:59:03.940Z","2026-05-18","DEFAULT","TRADING","BUY","STOCK","DroneShield","AU000000DRO2","0.8665280000","1.9330000000","-1.67","","","EUR","","","","Buy trade AU000000DRO2 DRONESHIELD LTD, quantity: 0.866528","b5eb9da6-8a66-40ec-9666-e7a575807e43","","","",""
"2026-05-18T19:59:03.941Z","2026-05-18","DEFAULT","TRADING","BUY","STOCK","DroneShield","AU000000DRO2","25.0000000000","1.9330000000","-48.33","-1.00","","EUR","","","","Buy trade AU000000DRO2 DRONESHIELD LTD, quantity: 25.0","57953a32-0fa2-4daa-847b-661d5cfdf20c","","","",""
"2026-05-19T05:36:34.966380Z","2026-05-19","DEFAULT","CASH","TRANSFER_INSTANT_INBOUND","","ROMEO TALLA FOTSING","","","","51.000000","","","EUR","","","","Incoming transfer from ROMEO TALLA FOTSING (DE16300209005310514271)","019e3ebc-6696-7972-b1c1-79e7b7b968ce","ROMEO TALLA FOTSING","DE16300209005310514271","",""
"2026-05-19T05:36:57.030Z","2026-05-19","DEFAULT","TRADING","BUY","STOCK","DroneShield","AU000000DRO2","0.8551530000","1.7950000000","-1.53","","","EUR","","","","Buy trade AU000000DRO2 DRONESHIELD LTD, quantity: 0.855153","43d26ca8-4aab-4295-9383-53ebb62d490d","","","",""
"2026-05-19T05:36:57.031Z","2026-05-19","DEFAULT","TRADING","BUY","STOCK","DroneShield","AU000000DRO2","27.0000000000","1.7950000000","-48.47","-1.00","","EUR","","","","Buy trade AU000000DRO2 DRONESHIELD LTD, quantity: 27.0","43bf7cbe-87a1-4941-ab58-57a99aafc9b3","","","",""
"2026-05-19T06:15:16.815005Z","2026-05-19","DEFAULT","CASH","TRANSFER_INSTANT_INBOUND","","Romeo Talla Fotsing und Josiane Tefouemewe Tsamo","","","","100.000000","","","EUR","","","","Incoming transfer from Romeo Talla Fotsing und Josiane Tefouemewe Tsamo (DE04731500000040868242)","019e3edf-d44f-7d33-aee7-c24036e8595a","Romeo Talla Fotsing und Josiane Tefouemewe Tsamo","DE04731500000040868242","",""
"2026-05-19T06:15:50.953Z","2026-05-19","DEFAULT","TRADING","BUY","STOCK","BTQ Technologies","CA0558691014","40.0000000000","2.4750000000","-99.00","-1.00","","EUR","","","","Buy trade CA0558691014 BTQ TECHNOLOGIES CORP., quantity: 40","5cd4d867-a675-4e63-b4db-3a842cfc2265","","","",""
"2026-05-19T06:47:50.796103Z","2026-05-19","DEFAULT","CASH","TRANSFER_INSTANT_INBOUND","","ROMEO TALLA FOTSING","","","","101.000000","","","EUR","","","","Incoming transfer from ROMEO TALLA FOTSING (DE16300209005310514271)","019e3efd-a50c-7113-8156-7e2eb657ab88","ROMEO TALLA FOTSING","DE16300209005310514271","",""
"2026-05-19T06:48:00.134Z","2026-05-19","DEFAULT","TRADING","BUY","STOCK","D-Wave Quantum","US26740W1099","6.0000000000","16.4450000000","-98.67","-1.00","","EUR","","","","Buy trade US26740W1099 D-WAVE QUATUM    DL-,0001, quantity: 6","7f6928a0-cb6d-49aa-8138-0cd39b2ee038","","","",""
"2026-05-19T06:48:00.134Z","2026-05-19","DEFAULT","TRADING","BUY","STOCK","D-Wave Quantum","US26740W1099","0.0808750000","16.4450000000","-1.33","","","EUR","","","","Buy trade US26740W1099 D-WAVE QUATUM    DL-,0001, quantity: 0.080875","3824fb67-995a-4f0e-931d-9c37e309150c","","","",""
"2026-05-20T06:17:56.585016Z","2026-05-20","DEFAULT","CASH","TRANSFER_INSTANT_INBOUND","","ROMEO TALLA FOTSING","","","","51.000000","","","EUR","","","","Incoming transfer from ROMEO TALLA FOTSING (DE16300209005310514271)","019e4408-a069-7ad6-ba71-c5529e6226b3","ROMEO TALLA FOTSING","DE16300209005310514271","",""
"2026-05-20T06:18:06.149Z","2026-05-20","DEFAULT","TRADING","BUY","STOCK","DroneShield","AU000000DRO2","0.7438910000","1.7395000000","-1.29","","","EUR","","","","Buy trade AU000000DRO2 DRONESHIELD LTD, quantity: 0.743891","bd7ba4ac-eb45-4d1b-9e28-8a47b8174324","","","",""
"2026-05-20T06:18:07.147Z","2026-05-20","DEFAULT","TRADING","BUY","STOCK","DroneShield","AU000000DRO2","28.0000000000","1.7395000000","-48.71","-1.00","","EUR","","","","Buy trade AU000000DRO2 DRONESHIELD LTD, quantity: 28.0","dc4bac1e-3f13-4cb0-9a35-7c9e55291296","","","",""
"2026-05-21T13:41:49.231Z","2026-05-21","DEFAULT","TRADING","SELL","STOCK","D-Wave Quantum","US26740W1099","-0.8569940000","20.1400000000","17.26","","","EUR","","","","Sell trade US26740W1099 D-WAVE QUATUM    DL-,0001, quantity: 0.856994","6deab65b-49c3-4720-b84b-251e945b3249","","","",""
"2026-05-21T13:41:49.232Z","2026-05-21","DEFAULT","TRADING","SELL","STOCK","D-Wave Quantum","US26740W1099","-25.0000000000","20.1400000000","503.50","-1.00","","EUR","","","","Sell trade US26740W1099 D-WAVE QUATUM    DL-,0001, quantity: 25","7508f863-8ec1-4f95-8766-3dfc8139b13a","","","",""
"2026-05-21T15:02:58.542388Z","2026-05-21","DEFAULT","CASH","TRANSFER_INSTANT_OUTBOUND","","ROMEO TALLA FOTSING","","","","-520.200000","","","EUR","","","","Outgoing transfer for ROMEO TALLA FOTSING (DE16300209005310514271)","019e4b0f-aaee-79e9-869b-3630bf7b5a1e","ROMEO TALLA FOTSING","DE16300209005310514271","",""
"2026-05-21T15:06:34.040Z","2026-05-21","DEFAULT","TRADING","SELL","STOCK","BP","GB0007980591","-47.0000000000","6.5460000000","307.66","-1.00","","EUR","","","","Sell trade GB0007980591 BP PLC, quantity: 47.0","31f22158-5229-4c0d-ba60-34c69a14e7bd","","","",""
"2026-05-21T15:06:34.041Z","2026-05-21","DEFAULT","TRADING","SELL","STOCK","BP","GB0007980591","-0.2716090000","6.5460000000","1.78","","","EUR","","","","Sell trade GB0007980591 BP PLC, quantity: 0.271609","fb43b49c-ff35-4bb2-8dd2-80a85db69dfd","","","",""
"2026-05-21T15:07:07.592Z","2026-05-21","DEFAULT","TRADING","SELL","STOCK","Pfizer","US7170811035","-0.0826520000","22.2700000000","1.84","","","EUR","","","","Sell trade US7170811035 PFIZER INC. DL-,05, quantity: 0.082652","d36f3f94-3299-4b8d-ae45-8ad413ee3f92","","","",""
"2026-05-21T15:07:07.592Z","2026-05-21","DEFAULT","TRADING","SELL","STOCK","Pfizer","US7170811035","-9.0000000000","22.2700000000","200.43","-1.00","","EUR","","","","Sell trade US7170811035 PFIZER INC. DL-,05, quantity: 9.0","052c6cc3-6845-4052-980c-1b9611c2dc50","","","",""
"2026-05-21T15:08:06.183412Z","2026-05-21","DEFAULT","CASH","TRANSFER_INSTANT_OUTBOUND","","ROMEO TALLA FOTSING","","","","-509.710000","","","EUR","","","","Outgoing transfer for ROMEO TALLA FOTSING (DE16300209005310514271)","019e4b14-5ca7-77ba-acde-7fb18b3382a4","ROMEO TALLA FOTSING","DE16300209005310514271","",""
"2026-05-22T14:04:44.020231Z","2026-05-22","DEFAULT","CASH","TRANSFER_INSTANT_INBOUND","","ROMEO TALLA FOTSING","","","","101.000000","","","EUR","","","","Incoming transfer from ROMEO TALLA FOTSING (DE16300209005310514271)","019e5000-b474-7c47-b7d0-0943bfaa3b50","ROMEO TALLA FOTSING","DE16300209005310514271","",""
"2026-05-22T14:18:00.109Z","2026-05-22","DEFAULT","TRADING","BUY","STOCK","D-Wave Quantum","US26740W1099","0.8945710000","25.4200000000","-22.74","","","EUR","","","","Buy trade US26740W1099 D-WAVE QUATUM    DL-,0001, quantity: 0.894571","bf89d20d-4beb-451b-8c7a-9d5cf973394e","","","",""
"2026-05-22T14:18:00.109Z","2026-05-22","DEFAULT","TRADING","BUY","STOCK","D-Wave Quantum","US26740W1099","3.0000000000","25.4200000000","-76.26","-1.00","","EUR","","","","Buy trade US26740W1099 D-WAVE QUATUM    DL-,0001, quantity: 3","7ba7e8f7-bef7-4454-af1f-ab6e76ce8469","","","",""
"2026-05-25T10:29:43.903730Z","2026-05-25","DEFAULT","CASH","TRANSFER_INSTANT_INBOUND","","ROMEO TALLA FOTSING","","","","80.000000","","","EUR","","","","Incoming transfer from ROMEO TALLA FOTSING (DE16300209005310514271)","019e5eae-f15f-75ab-818d-8bd3cd156d04","ROMEO TALLA FOTSING","DE16300209005310514271","",""
"2026-05-25T10:29:50.876Z","2026-05-25","DEFAULT","TRADING","BUY","STOCK","D-Wave Quantum","US26740W1099","3.0000000000","26.5800000000","-79.74","-1.00","","EUR","","","","Buy trade US26740W1099 D-WAVE QUATUM    DL-,0001, quantity: 3","6b0e31ca-4d77-4ce0-824b-eadc1441ed8b","","","",""
"2026-05-25T20:50:26.160429Z","2026-05-25","DEFAULT","CASH","TRANSFER_INSTANT_INBOUND","","ROMEO TALLA FOTSING","","","","36.000000","","","EUR","","","","Incoming transfer from ROMEO TALLA FOTSING (DE16300209005310514271)","019e60e7-36f0-7fdd-b8f6-10c614f5b14f","ROMEO TALLA FOTSING","DE16300209005310514271","",""
"2026-05-25T20:50:35.184Z","2026-05-25","DEFAULT","TRADING","BUY","STOCK","BTQ Technologies","CA0558691014","10.0000000000","3.5050000000","-35.05","-1.00","","EUR","","","","Buy trade CA0558691014 BTQ TECHNOLOGIES CORP., quantity: 10","292793af-3c08-45ab-bb33-450c96f6260c","","","",""
"2026-05-26T14:19:23.184379Z","2026-05-26","DEFAULT","CASH","TRANSFER_INSTANT_INBOUND","","ROMEO TALLA FOTSING","","","","201.000000","","","EUR","","","","Incoming transfer from ROMEO TALLA FOTSING (DE16300209005310514271)","019e64a7-8eb0-7523-ae5c-d0d9ec7cc0e2","ROMEO TALLA FOTSING","DE16300209005310514271","",""
"2026-05-26T14:19:29.623Z","2026-05-26","DEFAULT","TRADING","BUY","STOCK","Virgin Galactic","US92766K4031","63.0000000000","3.1380000000","-197.69","-1.00","","EUR","","","","Buy trade US92766K4031 VIRGIN GAL.HLDGS NEW O.N., quantity: 63.0","b00b2ae3-2fa4-493f-a01f-03ecc3d572ff","","","",""
"2026-05-26T14:19:29.623Z","2026-05-26","DEFAULT","TRADING","BUY","STOCK","Virgin Galactic","US92766K4031","0.7348620000","3.1380000000","-2.31","","","EUR","","","","Buy trade US92766K4031 VIRGIN GAL.HLDGS NEW O.N., quantity: 0.734862","0090623b-0914-45a5-b82d-ef7645aee6d2","","","",""
"2026-05-26T14:36:23.514955Z","2026-05-26","DEFAULT","CASH","TRANSFER_INSTANT_INBOUND","","ROMEO TALLA FOTSING","","","","101.000000","","","EUR","","","","Incoming transfer from ROMEO TALLA FOTSING (DE16300209005310514271)","019e64b7-205a-7dac-9ef1-d2be1049e448","ROMEO TALLA FOTSING","DE16300209005310514271","",""
"2026-05-26T14:36:31.194Z","2026-05-26","DEFAULT","TRADING","BUY","STOCK","D-Wave Quantum","US26740W1099","0.3066320000","23.2200000000","-7.12","","","EUR","","","","Buy trade US26740W1099 D-WAVE QUATUM    DL-,0001, quantity: 0.306632","b39552c0-9c4a-4f2b-b139-d5f44401d810","","","",""
"2026-05-26T14:36:31.195Z","2026-05-26","DEFAULT","TRADING","BUY","STOCK","D-Wave Quantum","US26740W1099","4.0000000000","23.2200000000","-92.88","-1.00","","EUR","","","","Buy trade US26740W1099 D-WAVE QUATUM    DL-,0001, quantity: 4","eb937da4-6233-49ae-a942-80cf3797a6c7","","","",""
"2026-05-27T09:49:42.926901Z","2026-05-27","DEFAULT","CASH","TRANSFER_INSTANT_INBOUND","","ROMEO TALLA FOTSING","","","","301.000000","","","EUR","","","","Incoming transfer from ROMEO TALLA FOTSING (DE16300209005310514271)","019e68d7-068e-7809-a3cb-480f169f2cad","ROMEO TALLA FOTSING","DE16300209005310514271","",""
"2026-05-27T09:49:48.996Z","2026-05-27","DEFAULT","TRADING","BUY","FUND","Space Innovators USD (Acc)","IE000YU9K6K2","2.0000000000","120.8400000000","-241.68","-1.00","","EUR","","","","Buy trade IE000YU9K6K2 VanEck UCITS ETFs plc - VanEck Space Innovators UCITS ETF, quantity: 2.0","0801b89b-578c-468c-8088-96053194cd38","","","",""
"2026-05-27T09:49:48.996Z","2026-05-27","DEFAULT","TRADING","BUY","FUND","Space Innovators USD (Acc)","IE000YU9K6K2","0.4826210000","120.8400000000","-58.32","","","EUR","","","","Buy trade IE000YU9K6K2 VanEck UCITS ETFs plc - VanEck Space Innovators UCITS ETF, quantity: 0.482621","7d90f2d4-9d27-424d-b771-7028a8e8b8b8","","","",""
"2026-05-27T10:42:20.140441Z","2026-05-27","DEFAULT","CASH","TRANSFER_INSTANT_INBOUND","","ROMEO TALLA FOTSING","","","","301.000000","","","EUR","","","","Incoming transfer from ROMEO TALLA FOTSING (DE16300209005310514271)","019e6907-336c-7784-9397-87c6d1dd7a2d","ROMEO TALLA FOTSING","DE16300209005310514271","",""
"2026-05-27T10:42:27.734Z","2026-05-27","DEFAULT","TRADING","BUY","FUND","Quantum Computing USD (Acc)","IE0007Y8Y157","0.6856630000","28.0750000000","-19.25","","","EUR","","","","Buy trade IE0007Y8Y157 VanEck UCITS ETFs plc - VanEck Quantum Computing UCITS ETF, quantity: 0.685663","fabeca8e-0641-40b7-93c8-b6887d3c63b8","","","",""
"2026-05-27T10:42:27.737Z","2026-05-27","DEFAULT","TRADING","BUY","FUND","Quantum Computing USD (Acc)","IE0007Y8Y157","10.0000000000","28.0750000000","-280.75","-1.00","","EUR","","","","Buy trade IE0007Y8Y157 VanEck UCITS ETFs plc - VanEck Quantum Computing UCITS ETF, quantity: 10.0","34d4d3d8-89e6-43ff-bfe2-4f57e80bb1f1","","","",""
"2026-05-27T16:10:54.268058Z","2026-05-27","DEFAULT","CASH","TRANSFER_INSTANT_INBOUND","","ROMEO TALLA FOTSING","","","","201.000000","","","EUR","","","","Incoming transfer from ROMEO TALLA FOTSING (DE16300209005310514271)","019e6a34-03bc-73a1-9dcf-aad7fa8d4503","ROMEO TALLA FOTSING","DE16300209005310514271","",""
"2026-05-27T16:11:00.837Z","2026-05-27","DEFAULT","TRADING","BUY","STOCK","BP","GB0007980591","0.5345400000","5.9640000000","-3.19","","","EUR","","","","Buy trade GB0007980591 BP PLC, quantity: 0.53454","15efd4f1-ac86-4b7a-bc12-5db2485e138b","","","",""
"2026-05-27T16:11:00.837Z","2026-05-27","DEFAULT","TRADING","BUY","STOCK","BP","GB0007980591","33.0000000000","5.9640000000","-196.81","-1.00","","EUR","","","","Buy trade GB0007980591 BP PLC, quantity: 33.0","4bf1eb3e-d086-4c73-af39-3cde6c17442f","","","",""
"2026-05-27T20:02:06.887353Z","2026-05-27","DEFAULT","CASH","TRANSFER_INSTANT_INBOUND","","Romeo Talla Fotsing und Josiane Tefouemewe Tsamo","","","","138.000000","","","EUR","","","","Incoming transfer from Romeo Talla Fotsing und Josiane Tefouemewe Tsamo (DE04731500000040868242)","019e6b07-b1a7-70ba-baab-007173e3dcc6","Romeo Talla Fotsing und Josiane Tefouemewe Tsamo","DE04731500000040868242","",""
"2026-05-27T20:03:38.314410Z","2026-05-27","DEFAULT","CASH","TRANSFER_INSTANT_INBOUND","","ROMEO TALLA FOTSING","","","","1.000000","","","EUR","","","","Incoming transfer from ROMEO TALLA FOTSING (DE16300209005310514271)","019e6b09-16ca-7ad1-8f52-83ce7421db96","ROMEO TALLA FOTSING","DE16300209005310514271","",""
"2026-05-27T20:03:43.092Z","2026-05-27","DEFAULT","TRADING","BUY","FUND","MSCI Robotics & AI ESG Screened EUR (Acc)","LU1861132840","0.9992750000","138.1000000000","-138.00","-1.00","","EUR","","","","Buy trade LU1861132840 Amundi Index Solutions - Amundi MSCI Robotics & AI UCITS ETF Acc, quantity: 0.999275","516530aa-01ac-4156-9eed-4ca107d27f75","","","",""
"2026-05-27T20:24:03.648066Z","2026-05-27","DEFAULT","CASH","TRANSFER_INSTANT_INBOUND","","ROMEO TALLA FOTSING","","","","101.000000","","","EUR","","","","Incoming transfer from ROMEO TALLA FOTSING (DE16300209005310514271)","019e6b1b-c940-7d44-87aa-2589e619f767","ROMEO TALLA FOTSING","DE16300209005310514271","",""
"2026-05-27T20:24:14.947Z","2026-05-27","DEFAULT","TRADING","BUY","FUND","Core Stoxx Europe 600 EUR (Acc)","LU0908500753","0.3239910000","308.6500000000","-100.00","-1.00","","EUR","","","","Buy trade LU0908500753 Amundi Index Solutions - Amundi Core Stoxx Europe 600 UCITS ETF Acc, quantity: 0.323991","bb6bf68e-1660-4c7e-b954-f3ed6e83b790","","","",""
"2026-05-27T20:33:44.900009Z","2026-05-27","DEFAULT","CASH","TRANSFER_INSTANT_INBOUND","","ROMEO TALLA FOTSING","","","","564.000000","","","EUR","","","","Incoming transfer from ROMEO TALLA FOTSING (DE16300209005310514271)","019e6b24-a7c4-7f33-8391-ff5149e0a164","ROMEO TALLA FOTSING","DE16300209005310514271","",""
"2026-05-27T20:34:51.026Z","2026-05-27","DEFAULT","TRADING","BUY","FUND","Core S&P 500 USD (Acc)","IE00B5BMR087","0.3716670000","696.8600000000","-259.00","-1.00","","EUR","","","","Buy trade IE00B5BMR087 iShares VII plc - iShares Core S&P 500 UCITS ETF USD (Acc), quantity: 0.371667","254ee072-66b2-493a-856d-2c6d1fe19131","","","",""
"2026-05-27T20:35:47.337Z","2026-05-27","DEFAULT","TRADING","BUY","FUND","Core MSCI World USD (Acc)","IE00B4L5Y983","1.0000000000","123.3000000000","-123.30","-1.00","","EUR","","","","Buy trade IE00B4L5Y983 iShares III plc - iShares Core MSCI World UCITS ETF USD (Acc), quantity: 1","63225551-a557-44b8-b50b-311722f5b679","","","",""
"2026-05-27T20:35:47.350Z","2026-05-27","DEFAULT","TRADING","BUY","FUND","Core MSCI World USD (Acc)","IE00B4L5Y983","0.2166430000","123.3000000000","-26.71","","","EUR","","","","Buy trade IE00B4L5Y983 iShares III plc - iShares Core MSCI World UCITS ETF USD (Acc), quantity: 0.216643","bc9b6478-d389-4684-bbfb-22c6e01070f2","","","",""
"2026-05-27T20:38:20.606874Z","2026-05-27","DEFAULT","CASH","TRANSFER_OUT","","Tene Klever Talla","","","","-1.000000","","","EUR","","","","Outgoing transfer for Tene Klever Talla (DE53100123454355905311)","019e6b28-dcbe-75df-9886-8c64848ea904","Tene Klever Talla","DE53100123454355905311","",""
"2026-05-27T20:45:01.169212Z","2026-05-27","DEFAULT","CASH","TRANSFER_INSTANT_INBOUND","","ROMEO TALLA FOTSING","","","","101.000000","","","EUR","","","","Incoming transfer from ROMEO TALLA FOTSING (DE16300209005310514271)","019e6b2e-f971-7642-bede-e29b40b1ba13","ROMEO TALLA FOTSING","DE16300209005310514271","",""
"2026-05-27T20:36:31.592970Z","2026-05-27","DEFAULT","CASH","TRANSFER_OUT","","Fotsing Kydan Talla","","","","-51.000000","","","EUR","","","","Outgoing transfer for Fotsing Kydan Talla (DE67100123452517543211)","019e6b27-32e8-7d6c-a41c-16e47018a65a","Fotsing Kydan Talla","DE67100123452517543211","",""
"2026-05-27T20:45:05.769Z","2026-05-27","DEFAULT","TRADING","BUY","STOCK","DroneShield","AU000000DRO2","0.0725220000","1.9580000000","-0.14","","","EUR","","","","Buy trade AU000000DRO2 DRONESHIELD LTD, quantity: 0.072522","b3e45845-d613-474b-9f62-f0593dc4204c","","","",""
"2026-05-27T20:45:05.774Z","2026-05-27","DEFAULT","TRADING","BUY","STOCK","DroneShield","AU000000DRO2","51.0000000000","1.9580000000","-99.86","-1.00","","EUR","","","","Buy trade AU000000DRO2 DRONESHIELD LTD, quantity: 51.0","f6acc29e-4683-4c90-a77f-7986afbee4d6","","","",""
"2026-05-27T20:50:15.656870Z","2026-05-27","DEFAULT","CASH","TRANSFER_INSTANT_INBOUND","","ROMEO TALLA FOTSING","","","","101.000000","","","EUR","","","","Incoming transfer from ROMEO TALLA FOTSING (DE16300209005310514271)","019e6b33-c5e8-77bb-8b57-e27751961360","ROMEO TALLA FOTSING","DE16300209005310514271","",""
"2026-05-27T20:37:30.011560Z","2026-05-27","DEFAULT","CASH","TRANSFER_OUT","","Tene Klever Talla","","","","-50.000000","","","EUR","","","","Outgoing transfer for Tene Klever Talla (DE53100123454355905311)","019e6b28-171b-70fa-a7ae-42bab0513b51","Tene Klever Talla","DE53100123454355905311","",""
"2026-05-27T20:37:01.457450Z","2026-05-27","DEFAULT","CASH","TRANSFER_OUT","","Guetsa Kheri Talla","","","","-51.000000","","","EUR","","","","Outgoing transfer for Guetsa Kheri Talla (DE93100123454609710911)","019e6b27-a791-7aa2-9c5f-e9e978547298","Guetsa Kheri Talla","DE93100123454609710911","",""
"2026-05-27T20:50:24.736Z","2026-05-27","DEFAULT","TRADING","BUY","STOCK","Uranium Energy","US9168961038","8.0000000000","11.6300000000","-93.04","-1.00","","EUR","","","","Buy trade US9168961038 URANIUM ENERGY    DL-,001, quantity: 8","39ff99ec-2644-43f6-b50c-ea5fa8c9a625","","","",""
"2026-05-27T20:50:24.932Z","2026-05-27","DEFAULT","TRADING","BUY","STOCK","Uranium Energy","US9168961038","0.5836900000","11.6300000000","-6.79","","","EUR","","","","Buy trade US9168961038 URANIUM ENERGY    DL-,001, quantity: 0.58369","b41c8095-e361-4624-9ac9-bfd4e3c1db8b","","","",""
"2026-05-28T18:15:53.244737Z","2026-05-28","DEFAULT","CASH","TRANSFER_INSTANT_INBOUND","","ROMEO TALLA FOTSING","","","","601.000000","","","EUR","","","","Incoming transfer from ROMEO TALLA FOTSING (DE16300209005310514271)","019e6fcc-cc9c-7b89-ade2-c0327ee1a8b4","ROMEO TALLA FOTSING","DE16300209005310514271","",""
"2026-05-28T18:15:58.319Z","2026-05-28","DEFAULT","TRADING","BUY","FUND","Semiconductor USD (Acc)","IE00BMC38736","0.2370060000","96.2000000000","-22.80","","","EUR","","","","Buy trade IE00BMC38736 VanEck UCITS ETFs plc - VanEck Semiconductor UCITS ETF, quantity: 0.237006","1470e7df-c65c-4cc3-9578-54202fb51e0b","","","",""
"2026-05-28T18:15:58.320Z","2026-05-28","DEFAULT","TRADING","BUY","FUND","Semiconductor USD (Acc)","IE00BMC38736","6.0000000000","96.2000000000","-577.20","-1.00","","EUR","","","","Buy trade IE00BMC38736 VanEck UCITS ETFs plc - VanEck Semiconductor UCITS ETF, quantity: 6.0","4ad73349-c968-43d6-8983-4c43d4d88356","","","",""
"2026-05-29T18:38:12.480Z","2026-05-29","DEFAULT","TRADING","SELL","STOCK","Virgin Galactic","US92766K4031","-25.0000000000","5.4050000000","135.13","-1.00","","EUR","","","","Sell trade US92766K4031 VIRGIN GAL.HLDGS NEW O.N., quantity: 25","cab78ead-390c-4ee4-a4de-971058c225f3","","","",""
"2026-05-30T19:16:26.138946Z","2026-05-30","DEFAULT","CASH","TRANSFER_INSTANT_OUTBOUND","","ROMEO TALLA FOTSING","","","","-134.500000","","","EUR","","","","Outgoing transfer for ROMEO TALLA FOTSING (DE16300209005310514271)","019e7a50-f39a-7abd-bf40-fb4d5c2a6835","ROMEO TALLA FOTSING","DE16300209005310514271","",""
"2026-06-01T06:25:51.391443Z","2026-06-01","DEFAULT","CASH","TRANSFER_INSTANT_INBOUND","","ROMEO TALLA FOTSING","","","","301.000000","","","EUR","","","","Incoming transfer from ROMEO TALLA FOTSING (DE16300209005310514271)","019e81dc-2f1f-7712-b029-30faaa073665","ROMEO TALLA FOTSING","DE16300209005310514271","",""
"2026-06-01T06:25:56.681Z","2026-06-01","DEFAULT","TRADING","BUY","FUND","Drone USD (ACC)","IE0003XW12I8","0.9612230000","7.3240000000","-7.04","","","EUR","","","","Buy trade IE0003XW12I8 HANetf II ICAV - Drone UCITS ETF - Accumulating, quantity: 0.961223","cf536c26-056a-40a1-904d-4e4724d23440","","","",""
"2026-06-01T06:25:56.690Z","2026-06-01","DEFAULT","TRADING","BUY","FUND","Drone USD (ACC)","IE0003XW12I8","40.0000000000","7.3240000000","-292.96","-1.00","","EUR","","","","Buy trade IE0003XW12I8 HANetf II ICAV - Drone UCITS ETF - Accumulating, quantity: 40.0","9dc23b87-f545-4d3d-ac24-c611b11cd135","","","",""
"2026-06-01T06:27:53.260843Z","2026-06-01","DEFAULT","CASH","TRANSFER_INSTANT_INBOUND","","ROMEO TALLA FOTSING","","","","301.000000","","","EUR","","","","Incoming transfer from ROMEO TALLA FOTSING (DE16300209005310514271)","019e81de-0b2c-71eb-90a2-cb214ef349ee","ROMEO TALLA FOTSING","DE16300209005310514271","",""
"2026-06-01T06:27:59.985Z","2026-06-01","DEFAULT","TRADING","BUY","FUND","New Energy EUR (Dist)","FR0010524777","6.0000000000","47.2050000000","-283.23","-1.00","","EUR","","","","Buy trade FR0010524777 MULTI UNITS FRANCE - Amundi MSCI New Energy UCITS ETF Dist, quantity: 6.0","fd9f832b-bbe3-48c1-97b0-7a07c2050f8e","","","",""
"2026-06-01T06:27:59.987Z","2026-06-01","DEFAULT","TRADING","BUY","FUND","New Energy EUR (Dist)","FR0010524777","0.3552580000","47.2050000000","-16.77","","","EUR","","","","Buy trade FR0010524777 MULTI UNITS FRANCE - Amundi MSCI New Energy UCITS ETF Dist, quantity: 0.355258","6b09b683-56c5-483d-bec4-e21ef6fbf03f","","","",""
"2026-06-01T06:32:43.657687Z","2026-06-01","DEFAULT","CASH","TRANSFER_INSTANT_INBOUND","","ROMEO TALLA FOTSING","","","","301.000000","","","EUR","","","","Incoming transfer from ROMEO TALLA FOTSING (DE16300209005310514271)","019e81e2-7989-7191-b66c-66df45d5d189","ROMEO TALLA FOTSING","DE16300209005310514271","",""
"2026-06-01T06:32:47.994Z","2026-06-01","DEFAULT","TRADING","BUY","FUND","Defense USD (Acc)","IE000YYE6WK5","5.0000000000","57.5000000000","-287.50","-1.00","","EUR","","","","Buy trade IE000YYE6WK5 VanEck UCITS ETFs plc - VanEck Defense UCITS ETF, quantity: 5","36ae9ccd-2ebc-405c-84a1-d6ab34a0b57c","","","",""
"2026-06-01T06:32:47.995Z","2026-06-01","DEFAULT","TRADING","BUY","FUND","Defense USD (Acc)","IE000YYE6WK5","0.2173910000","57.5000000000","-12.50","","","EUR","","","","Buy trade IE000YYE6WK5 VanEck UCITS ETFs plc - VanEck Defense UCITS ETF, quantity: 0.217391","3a9ec870-4549-4cb5-b405-d6584d2e9057","","","",""
"2026-06-02T08:03:46.951237Z","2026-06-02","DEFAULT","CASH","TRANSFER_INSTANT_INBOUND","","ROMEO TALLA FOTSING","","","","101.000000","","","EUR","","","","Incoming transfer from ROMEO TALLA FOTSING (DE16300209005310514271)","019e875c-3287-7a13-8c00-c9e02e657add","ROMEO TALLA FOTSING","DE16300209005310514271","",""
"2026-06-02T08:03:56.337Z","2026-06-02","DEFAULT","TRADING","BUY","STOCK","Bayer","DE000BAY0017","3.0000000000","33.3300000000","-99.99","-1.00","","EUR","","","","Buy trade DE000BAY0017 BAYER AG O.N., quantity: 3","96dbd4d4-e06b-4106-ac15-bcbf92d1a8f8","","","",""
"2026-06-02T14:21:23.548034Z","2026-06-02","DEFAULT","CASH","TRANSFER_INSTANT_INBOUND","","ROMEO TALLA FOTSING","","","","51.000000","","","EUR","","","","Incoming transfer from ROMEO TALLA FOTSING (DE16300209005310514271)","019e88b5-e8dc-7edf-9724-8bee37bae16f","ROMEO TALLA FOTSING","DE16300209005310514271","",""
"2026-06-02T14:27:26.315Z","2026-06-02","DEFAULT","TRADING","BUY","FUND","Space Innovators USD (Acc)","IE000YU9K6K2","0.4672020000","106.9600000000","-49.97","-1.00","","EUR","","","","Buy trade IE000YU9K6K2 VanEck UCITS ETFs plc - VanEck Space Innovators UCITS ETF, quantity: 0.467202","a45089eb-2beb-4a94-b344-b1ddd9a23be4","","","",""
"2026-06-02T16:05:28.334367Z","2026-06-02","DEFAULT","CASH","TRANSFER_INSTANT_INBOUND","","ROMEO TALLA FOTSING","","","","67.000000","","","EUR","","","","Incoming transfer from ROMEO TALLA FOTSING (DE16300209005310514271)","019e8915-328e-738a-9431-717cb3d157c9","ROMEO TALLA FOTSING","DE16300209005310514271","",""
"2026-06-02T16:05:33.107Z","2026-06-02","DEFAULT","TRADING","BUY","CRYPTO","Solana","SOL","1.0000000000","66.0270000000","-66.03","-1.00","","EUR","","","","Buy trade XF000SOL0012 Solana, quantity: 1","706be5ea-a3f9-4e17-aa19-8f9b7e6b0f8e","","","",""
"2026-06-03T20:49:55.567548Z","2026-06-03","DEFAULT","CASH","TRANSFER_INSTANT_INBOUND","","ROMEO TALLA FOTSING","","","","38.000000","","","EUR","","","","Incoming transfer from ROMEO TALLA FOTSING (DE16300209005310514271)","019e8f3f-fb6f-7b8e-93b9-d8e150300995","ROMEO TALLA FOTSING","DE16300209005310514271","",""
"2026-06-03T20:50:02.942Z","2026-06-03","DEFAULT","TRADING","BUY","STOCK","BTQ Technologies","CA0558691014","10.0000000000","3.6300000000","-36.30","-1.00","","EUR","","","","Buy trade CA0558691014 BTQ TECHNOLOGIES CORP., quantity: 10","7aca696c-5f1f-48e5-a09b-34271430f964","","","",""
"2026-06-04T05:47:21.487690Z","2026-06-04","DEFAULT","CASH","TRANSFER_INSTANT_INBOUND","","ROMEO TALLA FOTSING","","","","50.000000","","","EUR","","","","Incoming transfer from ROMEO TALLA FOTSING (DE16300209005310514271)","019e912c-040f-7e08-84ca-fc2e8aaedd0e","ROMEO TALLA FOTSING","DE16300209005310514271","",""
"2026-06-04T05:51:34.360953Z","2026-06-04","DEFAULT","CASH","TRANSFER_INSTANT_INBOUND","","ROMEO TALLA FOTSING","","","","419.370000","","","EUR","","","","Incoming transfer from ROMEO TALLA FOTSING (DE16300209005310514271)","019e912f-dfd8-7eb6-93b9-75be0cabccdb","ROMEO TALLA FOTSING","DE16300209005310514271","",""
"2026-06-04T05:53:17.451Z","2026-06-04","DEFAULT","TRADING","BUY","STOCK","DroneShield","AU000000DRO2","0.3224040000","1.8300000000","-0.59","","","EUR","","","","Buy trade AU000000DRO2 DRONESHIELD LTD, quantity: 0.322404","7cd2444e-d99d-4368-adc1-a58805f20119","","","",""
"2026-06-04T05:53:17.452Z","2026-06-04","DEFAULT","TRADING","BUY","STOCK","DroneShield","AU000000DRO2","27.0000000000","1.8300000000","-49.41","-1.00","","EUR","","","","Buy trade AU000000DRO2 DRONESHIELD LTD, quantity: 27.0","05b7c26e-aa6c-43c8-a634-e6cce0a4756a","","","",""
"2026-06-04T05:54:43.807Z","2026-06-04","DEFAULT","TRADING","BUY","STOCK","Netflix","US64110L1061","1.0000000000","70.8200000000","-70.82","-1.00","","EUR","","","","Buy trade US64110L1061 NETFLIX INC.      DL-,001, quantity: 1","52040166-c77f-4dcf-9411-582ea06733b2","","","",""
"2026-06-04T05:55:16.958Z","2026-06-04","DEFAULT","TRADING","BUY","FUND","Space Innovators USD (Acc)","IE000YU9K6K2","0.5081810000","98.4900000000","-50.05","-1.00","","EUR","","","","Buy trade IE000YU9K6K2 VanEck UCITS ETFs plc - VanEck Space Innovators UCITS ETF, quantity: 0.508181","814cc615-f687-4970-bb4c-7d5d1e4a5d77","","","",""
"2026-06-04T05:58:04.680Z","2026-06-04","DEFAULT","TRADING","BUY","STOCK","D-Wave Quantum","US26740W1099","2.0000000000","23.5100000000","-47.02","-1.00","","EUR","","","","Buy trade US26740W1099 D-WAVE QUATUM    DL-,0001, quantity: 2","26991b3d-cf67-4ebb-a7ee-f557d2c561a6","","","",""
"2026-06-04T05:58:04.681Z","2026-06-04","DEFAULT","TRADING","BUY","STOCK","D-Wave Quantum","US26740W1099","0.1267540000","23.5100000000","-2.98","","","EUR","","","","Buy trade US26740W1099 D-WAVE QUATUM    DL-,0001, quantity: 0.126754","72273e16-7d9c-4862-9571-1192eb90b0ac","","","",""
"2026-06-04T06:20:32.964529Z","2026-06-04","DEFAULT","CASH","TRANSFER_INSTANT_OUTBOUND","","Romeo Talla Fotsing und Josiane Tefouemewe Tsamo","","","","-45.210000","","","EUR","","","","Outgoing transfer for Romeo Talla Fotsing und Josiane Tefouemewe Tsamo (DE04731500000040868242)","019e914a-6744-768d-93ef-cad86b455f19","Romeo Talla Fotsing und Josiane Tefouemewe Tsamo","DE04731500000040868242","",""
"2026-06-04T09:50:05.342Z","2026-06-04","DEFAULT","TRADING","BUY","CRYPTO","Solana","SOL","1.0000000000","59.0590000000","-59.06","-1.00","","EUR","","","","Buy trade XF000SOL0012 Solana, quantity: 1","b8a6516d-1b93-426e-b708-262ac456bd44","","","",""
"2026-06-04T09:50:43.376Z","2026-06-04","DEFAULT","TRADING","BUY","CRYPTO","XRP","XRP","38.0948560000","0.9975710000","-38.00","-1.00","","EUR","","","","Buy trade XF000XRP0018 XRP, quantity: 38.094856","a24b1b96-276e-4544-9773-6e5e380bb354","","","",""
"2026-06-04T18:19:56.549Z","2026-06-04","DEFAULT","TRADING","BUY","CRYPTO","Cardano","ADA","310.0159960000","0.1612930000","-50.00","-1.00","","EUR","","","","Buy trade XF000ADA0018 Cardano, quantity: 310.015996","bbb05ea9-b988-453f-94fa-a22c49cf6ffe","","","",""
"2026-06-04T18:58:27.669895Z","2026-06-04","DEFAULT","CASH","TRANSFER_INSTANT_INBOUND","","Romeo Talla Fotsing und Josiane Tefouemewe Tsamo","","","","2.000000","","","EUR","","","","Incoming transfer from Romeo Talla Fotsing und Josiane Tefouemewe Tsamo (DE04731500000040868242)","019e9400-4ad5-79d0-8069-9de9a32103f1","Romeo Talla Fotsing und Josiane Tefouemewe Tsamo","DE04731500000040868242","",""
"2026-06-04T19:22:22.984Z","2026-06-04","DEFAULT","TRADING","BUY","FUND","Drone USD (ACC)","IE0003XW12I8","7.0000000000","7.1300000000","-49.91","-1.00","","EUR","","","","Buy trade IE0003XW12I8 HANetf II ICAV - Drone UCITS ETF - Accumulating, quantity: 7.0","3bcd739c-8eab-4a9c-bce9-bb3020e45dfe","","","",""
"2026-06-04T19:22:22.985Z","2026-06-04","DEFAULT","TRADING","BUY","FUND","Drone USD (ACC)","IE0003XW12I8","0.0126220000","7.1300000000","-0.09","","","EUR","","","","Buy trade IE0003XW12I8 HANetf II ICAV - Drone UCITS ETF - Accumulating, quantity: 0.012622","530152c5-118d-4e76-b11d-12f612fe6f61","","","",""
"2026-06-04T19:23:45.470252Z","2026-06-04","DEFAULT","CASH","TRANSFER_INSTANT_OUTBOUND","","Romeo Talla Fotsing und Josiane Tefouemewe Tsamo","","","","-0.940000","","","EUR","","","","Outgoing transfer for Romeo Talla Fotsing und Josiane Tefouemewe Tsamo (DE04731500000040868242)","019e9417-73be-7e9a-89dc-a79de53a734a","Romeo Talla Fotsing und Josiane Tefouemewe Tsamo","DE04731500000040868242","",""
"2026-06-05T14:08:24.686Z","2026-06-05","DEFAULT","TRADING","SELL","STOCK","BP","GB0007980591","-33.5345400000","6.2910000000","210.97","-1.00","","EUR","","","","Sell trade GB0007980591 BP PLC, quantity: 33.53454","17dd0e63-1c33-4cc3-9157-a9fabba3d2f8","","","",""
"2026-06-05T14:43:00.157Z","2026-06-05","DEFAULT","TRADING","BUY","FUND","Space Innovators USD (Acc)","IE000YU9K6K2","0.5224660000","95.8000000000","-50.05","-1.00","","EUR","","","","Buy trade IE000YU9K6K2 VanEck UCITS ETFs plc - VanEck Space Innovators UCITS ETF, quantity: 0.522466","a382b85e-9a8c-4c09-b429-2c310b090fd3","","","",""
"2026-06-05T14:46:56.326Z","2026-06-05","DEFAULT","TRADING","BUY","FUND","Drone USD (ACC)","IE0003XW12I8","0.5999390000","6.5790000000","-3.95","","","EUR","","","","Buy trade IE0003XW12I8 HANetf II ICAV - Drone UCITS ETF - Accumulating, quantity: 0.599939","2f88b10f-f804-4069-8118-de78b57ac7a4","","","",""
"2026-06-05T14:46:56.327Z","2026-06-05","DEFAULT","TRADING","BUY","FUND","Drone USD (ACC)","IE0003XW12I8","7.0000000000","6.5790000000","-46.05","-1.00","","EUR","","","","Buy trade IE0003XW12I8 HANetf II ICAV - Drone UCITS ETF - Accumulating, quantity: 7.0","f7801ec8-c8d1-424a-b7f1-32c319c080ae","","","",""
"2026-06-05T17:15:17.561Z","2026-06-05","DEFAULT","TRADING","BUY","STOCK","BTQ Technologies","CA0558691014","13.0000000000","3.6400000000","-47.32","-1.00","","EUR","","","","Buy trade CA0558691014 BTQ TECHNOLOGIES CORP., quantity: 13","b9b18fe2-d394-4ac0-b2dc-204e81100585","","","",""
"2026-06-05T19:17:07.526673Z","2026-06-05","DEFAULT","CASH","TRANSFER_INSTANT_INBOUND","","ROMEO TALLA FOTSING","","","","400.000000","","","EUR","","","","Incoming transfer from ROMEO TALLA FOTSING (DE16300209005310514271)","019e9937-bd46-752a-95bc-d02f5e15a693","ROMEO TALLA FOTSING","DE16300209005310514271","",""
"2026-06-05T20:20:55.399Z","2026-06-05","DEFAULT","TRADING","BUY","FUND","Core S&P 500 USD (Acc)","IE00B5BMR087","0.3770340000","686.6200000000","-258.88","-1.00","","EUR","","","","Buy trade IE00B5BMR087 iShares VII plc - iShares Core S&P 500 UCITS ETF USD (Acc), quantity: 0.377034","4f7b39f1-f832-4fc6-af16-cd97a80459fe","","","",""
"2026-06-05T20:21:19.731Z","2026-06-05","DEFAULT","TRADING","BUY","FUND","MSCI Robotics & AI ESG Screened EUR (Acc)","LU1861132840","0.7222300000","138.4400000000","-99.99","-1.00","","EUR","","","","Buy trade LU1861132840 Amundi Index Solutions - Amundi MSCI Robotics & AI UCITS ETF Acc, quantity: 0.72223","09ca8ca2-74eb-473c-b602-d3ab3f09df13","","","",""
"2026-06-05T20:22:14.043Z","2026-06-05","DEFAULT","TRADING","SELL","STOCK","Virgin Galactic","US92766K4031","-0.7348620000","3.7820000000","2.78","","","EUR","","","","Sell trade US92766K4031 VIRGIN GAL.HLDGS NEW O.N., quantity: 0.734862","dc0860e7-1a6e-45f0-82e8-c4003c10b824","","","",""
"2026-06-05T20:22:14.048Z","2026-06-05","DEFAULT","TRADING","SELL","STOCK","Virgin Galactic","US92766K4031","-38.0000000000","3.7820000000","143.72","-1.00","","EUR","","","","Sell trade US92766K4031 VIRGIN GAL.HLDGS NEW O.N., quantity: 38.0","7d980948-0113-4ac3-9bf2-aa7d937b0010","","","",""
"2026-06-05T20:23:48.923Z","2026-06-05","DEFAULT","TRADING","BUY","STOCK","D-Wave Quantum","US26740W1099","3.0000000000","20.4400000000","-61.32","-1.00","","EUR","","","","Buy trade US26740W1099 D-WAVE QUATUM    DL-,0001, quantity: 3","a78d0525-86f0-44af-9ade-57ba87eb3080","","","",""
"2026-06-05T20:25:31.653Z","2026-06-05","DEFAULT","TRADING","BUY","FUND","Semiconductor USD (Acc)","IE00BMC38736","1.0000000000","93.5400000000","-93.54","-1.00","","EUR","","","","Buy trade IE00BMC38736 VanEck UCITS ETFs plc - VanEck Semiconductor UCITS ETF, quantity: 1","4158f519-60d6-4c75-99a8-150dcb20447a","","","",""
"2026-06-05T20:29:23.187Z","2026-06-05","DEFAULT","TRADING","BUY","FUND","New Energy EUR (Dist)","FR0010524777","1.1174430000","44.7500000000","-50.01","-1.00","","EUR","","","","Buy trade FR0010524777 MULTI UNITS FRANCE - Amundi MSCI New Energy UCITS ETF Dist, quantity: 1.117443","4889a69b-57c3-4266-8c3e-cc53b0105efe","","","",""
"2026-06-05T20:30:14.490Z","2026-06-05","DEFAULT","TRADING","BUY","STOCK","BTQ Technologies","CA0558691014","9.0000000000","3.6000000000","-32.40","-1.00","","EUR","","","","Buy trade CA0558691014 BTQ TECHNOLOGIES CORP., quantity: 9.0","503c6b45-3083-4275-9be6-5a6ccc2213dd","","","",""
"2026-06-05T20:30:14.491Z","2026-06-05","DEFAULT","TRADING","BUY","STOCK","BTQ Technologies","CA0558691014","0.4444440000","3.6000000000","-1.60","","","EUR","","","","Buy trade CA0558691014 BTQ TECHNOLOGIES CORP., quantity: 0.444444","7efaf3f2-36bb-4631-aa91-d210ef8042ec","","","",""
"2026-06-05T20:39:05.383165Z","2026-06-05","DEFAULT","CASH","TRANSFER_INSTANT_INBOUND","","ROMEO TALLA FOTSING","","","","34.000000","","","EUR","","","","Incoming transfer from ROMEO TALLA FOTSING (DE16300209005310514271)","019e9982-c7a7-7dc4-8856-4e24d90f3f87","ROMEO TALLA FOTSING","DE16300209005310514271","",""
"2026-06-05T20:39:10.344Z","2026-06-05","DEFAULT","TRADING","BUY","STOCK","Uranium Energy","US9168961038","3.0000000000","11.1400000000","-33.42","-1.00","","EUR","","","","Buy trade US9168961038 URANIUM ENERGY    DL-,001, quantity: 3","b382fb06-512b-4869-9a33-848121a25fea","","","",""
"2026-06-05T20:56:48.005103Z","2026-06-05","DEFAULT","CASH","TRANSFER_INSTANT_INBOUND","","ROMEO TALLA FOTSING","","","","51.000000","","","EUR","","","","Incoming transfer from ROMEO TALLA FOTSING (DE16300209005310514271)","019e9992-fe85-7b9a-a57b-3ce086e4fd57","ROMEO TALLA FOTSING","DE16300209005310514271","",""
"2026-06-05T20:56:53.120Z","2026-06-05","DEFAULT","TRADING","BUY","FUND","Defense USD (Acc)","IE000YYE6WK5","0.9435740000","52.8900000000","-49.91","-1.00","","EUR","","","","Buy trade IE000YYE6WK5 VanEck UCITS ETFs plc - VanEck Defense UCITS ETF, quantity: 0.943574","e2aff59a-6cb4-4940-9f58-53b874553185","","","",""
"2026-06-06T06:10:54.921093Z","2026-06-06","DEFAULT","CASH","TRANSFER_INSTANT_INBOUND","","ROMEO TALLA FOTSING","","","","55.000000","","","EUR","","","","Incoming transfer from ROMEO TALLA FOTSING (DE16300209005310514271)","019e9b8e-4d49-7f1b-943e-dac20a52bc33","ROMEO TALLA FOTSING","DE16300209005310514271","",""
"2026-06-06T06:10:59.423Z","2026-06-06","DEFAULT","TRADING","BUY","CRYPTO","Solana","SOL","1.0000000000","54.7970000000","-54.80","-1.00","","EUR","","","","Buy trade XF000SOL0012 Solana, quantity: 1","bffa1919-74a2-4215-a50a-c6f7bf0d2ef3","","","",""
"2026-06-09T17:53:37.318939Z","2026-06-09","DEFAULT","CASH","TRANSFER_INSTANT_INBOUND","","ROMEO TALLA FOTSING","","","","47.000000","","","EUR","","","","Incoming transfer from ROMEO TALLA FOTSING (DE16300209005310514271)","019ead84-ba26-70c7-a696-720d177ce9e9","ROMEO TALLA FOTSING","DE16300209005310514271","",""
"2026-06-09T19:09:08.069245Z","2026-06-09","DEFAULT","CASH","TRANSFER_INSTANT_OUTBOUND","","ROMEO TALLA FOTSING","","","","-47.230000","","","EUR","","","","Outgoing transfer for ROMEO TALLA FOTSING (DE16300209005310514271)","019eadc9-dc65-7a00-b6cf-77e84df3a0f8","ROMEO TALLA FOTSING","DE16300209005310514271","",""
"2026-06-11T17:45:08.813876Z","2026-06-11","DEFAULT","CASH","TRANSFER_INSTANT_INBOUND","","Romeo Talla Fotsing und Josiane Tefouemewe Tsamo","","","","200.000000","","","EUR","","","","Incoming transfer from Romeo Talla Fotsing und Josiane Tefouemewe Tsamo (DE04731500000040868242)","019eb7c9-afcd-7f46-80f1-1343d0e86e03","Romeo Talla Fotsing und Josiane Tefouemewe Tsamo","DE04731500000040868242","",""
"2026-06-11T17:48:36.660Z","2026-06-11","DEFAULT","TRADING","BUY","STOCK","Uranium Energy","US9168961038","11.0000000000","9.0800000000","-99.88","-1.00","","EUR","","","","Buy trade US9168961038 URANIUM ENERGY    DL-,001, quantity: 11","7e2b9113-491a-46fc-9e75-080a7930329b","","","",""
"2026-06-11T17:48:58.847Z","2026-06-11","DEFAULT","TRADING","BUY","STOCK","DroneShield","AU000000DRO2","29.0000000000","1.6885000000","-48.97","-1.00","","EUR","","","","Buy trade AU000000DRO2 DRONESHIELD LTD, quantity: 29.0","5f8e929f-571f-4b02-a312-e01d6ea0426f","","","",""
"2026-06-11T17:48:58.848Z","2026-06-11","DEFAULT","TRADING","BUY","STOCK","DroneShield","AU000000DRO2","0.6120810000","1.6885000000","-1.03","","","EUR","","","","Buy trade AU000000DRO2 DRONESHIELD LTD, quantity: 0.612081","b5082bdc-7ae7-4e0e-9cd9-163397b22fa9","","","",""
"2026-06-11T17:52:03.791Z","2026-06-11","DEFAULT","TRADING","BUY","STOCK","BTQ Technologies","CA0558691014","0.4010550000","3.8000000000","-1.52","","","EUR","","","","Buy trade CA0558691014 BTQ TECHNOLOGIES CORP., quantity: 0.401055","af5f9f73-41b8-4aab-9878-c699d5a7c90f","","","",""
"2026-06-11T17:52:03.807Z","2026-06-11","DEFAULT","TRADING","BUY","STOCK","BTQ Technologies","CA0558691014","12.0000000000","3.8000000000","-45.60","-1.00","","EUR","","","","Buy trade CA0558691014 BTQ TECHNOLOGIES CORP., quantity: 12.0","0a0a28ab-0ed3-4258-9c0b-c668a9ead7b1","","","",""
"2026-06-15T15:22:58.333Z","2026-06-15","DEFAULT","TRADING","SELL","STOCK","BTQ Technologies","CA0558691014","-147.7710540000","4.9200000000","727.03","-1.00","","EUR","","","","Sell trade CA0558691014 BTQ TECHNOLOGIES CORP., quantity: 147.771054","e03a83de-40a4-4cde-8617-331c8dccbcaa","","","",""
"2026-06-15T17:40:57.186075Z","2026-06-15","DEFAULT","CASH","TRANSFER_INSTANT_INBOUND","","ROMEO TALLA FOTSING","","","","51.000000","","","EUR","","","","Incoming transfer from ROMEO TALLA FOTSING (DE16300209005310514271)","019ecc5f-48e2-770b-b668-fe8175661a02","ROMEO TALLA FOTSING","DE16300209005310514271","",""
"2026-06-16T08:11:05.320597Z","2026-06-16","DEFAULT","CASH","TRANSFER_OUTBOUND","","ROMEO TALLA FOTSING","","","","-726.030000","","","EUR","","","","Outgoing transfer for ROMEO TALLA FOTSING (DE16300209005310514271)","019ecf7b-eae8-7626-9141-e38eafa65df2","ROMEO TALLA FOTSING","DE16300209005310514271","",""
"2026-06-16T16:17:56.934304Z","2026-06-16","DEFAULT","CASH","TRANSFER_INSTANT_INBOUND","","Romeo Talla Fotsing und Josiane Tefouemewe Tsamo","","","","51.000000","","","EUR","","","","Incoming transfer from Romeo Talla Fotsing und Josiane Tefouemewe Tsamo (DE04731500000040868242)","019ed139-a6c6-7dc7-ae23-985e7d6887c3","Romeo Talla Fotsing und Josiane Tefouemewe Tsamo","DE04731500000040868242","",""
"2026-06-16T17:17:22.085Z","2026-06-16","DEFAULT","TRADING","BUY","FUND","Space Innovators USD (Acc)","IE000YU9K6K2","0.5826820000","85.8100000000","-50.00","-1.00","","EUR","","","","Buy trade IE000YU9K6K2 VanEck UCITS ETFs plc - VanEck Space Innovators UCITS ETF, quantity: 0.582682","69193d4f-545b-434a-bd0b-a23764243a70","","","",""
"2026-06-16T17:20:29.629Z","2026-06-16","DEFAULT","TRADING","BUY","FUND","Drone USD (ACC)","IE0003XW12I8","8.7458450000","5.6980000000","-49.83","-1.00","","EUR","","","","Buy trade IE0003XW12I8 HANetf II ICAV - Drone UCITS ETF - Accumulating, quantity: 8.745845","3e0b2357-fd0a-4d18-8426-0724cf876228","","","",""
"2026-06-22T15:30:00.561009Z","2026-06-22","DEFAULT","CASH","TRANSFER_INSTANT_INBOUND","","ROMEO TALLA FOTSING","","","","66.000000","","","EUR","","","","Incoming transfer from ROMEO TALLA FOTSING (DE16300209005310514271)","019eeff3-eaf1-7b63-8c0d-4d45504cedb7","ROMEO TALLA FOTSING","DE16300209005310514271","",""
"2026-06-22T15:30:09.026Z","2026-06-22","DEFAULT","TRADING","BUY","STOCK","Netflix","US64110L1061","1.0000000000","64.5000000000","-64.50","-1.00","","EUR","","","","Buy trade US64110L1061 NETFLIX INC.      DL-,001, quantity: 1","2bd66384-a27f-4ecb-8fe3-5b699aa8fda0","","","",""
"2026-06-23T09:15:03.853334Z","2026-06-23","DEFAULT","CASH","TRANSFER_INSTANT_INBOUND","","Romeo Talla Fotsing und Josiane Tefouemewe Tsamo","","","","51.000000","","","EUR","","","","Incoming transfer from Romeo Talla Fotsing und Josiane Tefouemewe Tsamo (DE04731500000040868242)","019ef3c3-012d-7ae6-907e-2252f1bf9bbf","Romeo Talla Fotsing und Josiane Tefouemewe Tsamo","DE04731500000040868242","",""
"2026-06-23T09:15:28.158Z","2026-06-23","DEFAULT","TRADING","BUY","FUND","Space Innovators USD (Acc)","IE000YU9K6K2","0.6312330000","79.1900000000","-49.99","-1.00","","EUR","","","","Buy trade IE000YU9K6K2 VanEck UCITS ETFs plc - VanEck Space Innovators UCITS ETF, quantity: 0.631233","ab3f2173-055a-487c-9450-2dc5839c0826","","","",""
"2026-06-23T09:18:36.148367Z","2026-06-23","DEFAULT","CASH","TRANSFER_INSTANT_INBOUND","","ROMEO TALLA FOTSING","","","","51.000000","","","EUR","","","","Incoming transfer from ROMEO TALLA FOTSING (DE16300209005310514271)","019ef3c6-3e74-7347-8266-4891b56f0480","ROMEO TALLA FOTSING","DE16300209005310514271","",""
"2026-06-23T09:18:41.666Z","2026-06-23","DEFAULT","TRADING","BUY","FUND","Drone USD (ACC)","IE0003XW12I8","9.2867750000","5.3840000000","-50.00","-1.00","","EUR","","","","Buy trade IE0003XW12I8 HANetf II ICAV - Drone UCITS ETF - Accumulating, quantity: 9.286775","b1898d9c-1bec-4dc8-903c-858f6e02d095","","","",""
"2026-06-23T14:18:30.302392Z","2026-06-23","DEFAULT","CASH","TRANSFER_INSTANT_INBOUND","","ROMEO TALLA FOTSING","","","","51.000000","","","EUR","","","","Incoming transfer from ROMEO TALLA FOTSING (DE16300209005310514271)","019ef4d8-d01e-7e4e-a936-9fd526545be6","ROMEO TALLA FOTSING","DE16300209005310514271","",""
"2026-06-23T14:18:36.058Z","2026-06-23","DEFAULT","TRADING","BUY","STOCK","DroneShield","AU000000DRO2","31.2695430000","1.5995000000","-50.02","-1.00","","EUR","","","","Buy trade AU000000DRO2 DRONESHIELD LTD, quantity: 31.269543","92e18ad8-9ba4-4cb7-8dfa-c32f9fcf1e64","","","",""
"2026-06-25T07:49:06.823456Z","2026-06-25","DEFAULT","CASH","TRANSFER_INSTANT_INBOUND","","ROMEO TALLA FOTSING","","","","51.000000","","","EUR","","","","Incoming transfer from ROMEO TALLA FOTSING (DE16300209005310514271)","019efdc1-0887-7da2-b195-dcf648320dca","ROMEO TALLA FOTSING","DE16300209005310514271","",""
"2026-06-25T07:50:46.947Z","2026-06-25","DEFAULT","TRADING","BUY","STOCK","DroneShield","AU000000DRO2","34.8432050000","1.4340000000","-49.97","-1.00","","EUR","","","","Buy trade AU000000DRO2 DRONESHIELD LTD, quantity: 34.843205","e80a8d2d-3e05-4511-b811-d89fef774297","","","",""
"2026-06-25T14:16:55.459Z","2026-06-25","DEFAULT","TRADING","SELL","STOCK","Bayer","DE000BAY0017","-13.4102730000","46.3200000000","621.16","-1.00","","EUR","","","","Sell trade DE000BAY0017 BAYER AG O.N., quantity: 13.410273","9d4bd456-7391-4519-81c4-1ec0720874b8","","","",""
"2026-06-25T17:33:20.466Z","2026-06-25","DEFAULT","TRADING","BUY","FUND","Defense USD (Acc)","IE000YYE6WK5","1.0211370000","49.0450000000","-50.08","-1.00","","EUR","","","","Buy trade IE000YYE6WK5 VanEck UCITS ETFs plc - VanEck Defense UCITS ETF, quantity: 1.021137","2f9965eb-7046-462d-a836-046afea32814","","","",""
"2026-06-25T17:33:54.625Z","2026-06-25","DEFAULT","TRADING","BUY","FUND","Drone USD (ACC)","IE0003XW12I8","10.0786130000","4.9685000000","-50.08","-1.00","","EUR","","","","Buy trade IE0003XW12I8 HANetf II ICAV - Drone UCITS ETF - Accumulating, quantity: 10.078613","f194919d-5124-4fb4-86dd-1ed96cfa06bf","","","",""
"2026-06-25T18:26:22.137Z","2026-06-25","DEFAULT","TRADING","BUY","CRYPTO","XRP","XRP","19.0000000000","0.9183280000","-17.45","-1.00","","EUR","","","","Buy trade XF000XRP0018 XRP, quantity: 19","4cca9baf-c4e8-420b-af95-69abfe9865b8","","","",""
"2026-06-26T13:33:20.035860Z","2026-06-26","DEFAULT","CASH","DIVIDEND","STOCK","BP","GB0007980591","47.2716090000","","3.400000","","","EUR","2.92","GBP","1.162791","Cash Dividend for ISIN GB0007980591","019f0422-8923-762b-980e-7ff9845a629b","","","",""
"2026-06-26T13:46:12.785Z","2026-06-26","DEFAULT","TRADING","BUY","STOCK","DroneShield","AU000000DRO2","38.6398760000","1.2960000000","-50.08","-1.00","","EUR","","","","Buy trade AU000000DRO2 DRONESHIELD LTD, quantity: 38.639876","372c3bd3-fa68-4256-bb4e-1ef983e59dc5","","","",""
"2026-06-26T13:54:17.203Z","2026-06-26","DEFAULT","TRADING","BUY","FUND","Quantum Computing USD (Acc)","IE0007Y8Y157","1.9256690000","25.9400000000","-49.95","-1.00","","EUR","","","","Buy trade IE0007Y8Y157 VanEck UCITS ETFs plc - VanEck Quantum Computing UCITS ETF, quantity: 1.925669","0a781a5c-6149-4550-b98c-b35929a60c03","","","",""
"2026-06-26T13:55:10.566Z","2026-06-26","DEFAULT","TRADING","BUY","STOCK","D-Wave Quantum","US26740W1099","3.0000000000","18.7500000000","-56.25","-1.00","","EUR","","","","Buy trade US26740W1099 D-WAVE QUATUM    DL-,0001, quantity: 3","2ce18a8e-5f74-49a4-8d93-521540c81641","","","",""
"2026-06-26T14:13:26.213Z","2026-06-26","DEFAULT","TRADING","BUY","FUND","Core MSCI World USD (Acc)","IE00B4L5Y983","1.2159040000","123.3500000000","-149.98","-1.00","","EUR","","","","Buy trade IE00B4L5Y983 iShares III plc - iShares Core MSCI World UCITS ETF USD (Acc), quantity: 1.215904","28a8d163-a4a0-405e-ae05-26d143e94139","","","",""
"2026-06-26T14:14:44.762368Z","2026-06-26","DEFAULT","CASH","TRANSFER_OUT","","Fotsing Kydan Talla","","","","-51.000000","","","EUR","","","","Outgoing transfer for Fotsing Kydan Talla (DE67100123452517543211)","019f0448-731a-7f61-bf59-1822d896393e","Fotsing Kydan Talla","DE67100123452517543211","",""
"2026-06-26T14:15:54.347404Z","2026-06-26","DEFAULT","CASH","TRANSFER_OUT","","Guetsa Kheri Talla","","","","-51.000000","","","EUR","","","","Outgoing transfer for Guetsa Kheri Talla (DE93100123454609710911)","019f0449-82eb-7bcf-8fac-e5991cdb49be","Guetsa Kheri Talla","DE93100123454609710911","",""
"2026-06-26T14:16:34.697969Z","2026-06-26","DEFAULT","CASH","TRANSFER_OUT","","Tene Klever Talla","","","","-51.000000","","","EUR","","","","Outgoing transfer for Tene Klever Talla (DE53100123454355905311)","019f044a-2089-7b65-b6e1-0ec4a79ef2f8","Tene Klever Talla","DE53100123454355905311","",""
"2026-06-26T14:32:39.952518Z","2026-06-26","DEFAULT","CASH","TRANSFER_INSTANT_INBOUND","","ROMEO TALLA FOTSING","","","","147.000000","","","EUR","","","","Incoming transfer from ROMEO TALLA FOTSING (DE16300209005310514271)","019f0458-db10-7b3b-acc8-2a229137f8be","ROMEO TALLA FOTSING","DE16300209005310514271","",""
"2026-06-26T14:33:13.637Z","2026-06-26","DEFAULT","TRADING","BUY","FUND","Core Stoxx Europe 600 EUR (Acc)","LU0908500753","0.3208210000","311.6500000000","-99.98","-1.00","","EUR","","","","Buy trade LU0908500753 Amundi Index Solutions - Amundi Core Stoxx Europe 600 UCITS ETF Acc, quantity: 0.320821","92607da2-8dad-4531-8dfd-e147f34b1541","","","",""
"2026-06-26T20:49:32.504460Z","2026-06-26","DEFAULT","CASH","TRANSFER_INSTANT_OUTBOUND","","Romeo Talla Fotsing und Josiane Tefouemewe Tsamo","","","","-86.400000","","","EUR","","","","Outgoing transfer for Romeo Talla Fotsing und Josiane Tefouemewe Tsamo (DE04731500000040868242)","019f05b1-e558-7211-b621-09d8e6a77a9c","Romeo Talla Fotsing und Josiane Tefouemewe Tsamo","DE04731500000040868242","",""
"2026-06-29T20:37:00.495835Z","2026-06-29","DEFAULT","CASH","TRANSFER_INSTANT_INBOUND","","ROMEO TALLA FOTSING","","","","701.000000","","","EUR","","","","Incoming transfer from ROMEO TALLA FOTSING (DE16300209005310514271)","019f1519-7fcf-7fc5-b7dd-ecf49662cfed","ROMEO TALLA FOTSING","DE16300209005310514271","",""
"2026-06-29T20:37:27.482Z","2026-06-29","DEFAULT","TRADING","BUY","FUND","Core MSCI EM IMI USD (Acc)","IE00BKM4GZ66","14.4610170000","48.2730000000","-698.08","-1.00","","EUR","","","","Buy trade IE00BKM4GZ66 iShares plc - iShares Core MSCI EM IMI UCITS ETF USD (Acc), quantity: 14.461017","483b638b-c797-4885-acd3-83b039adc166","","","",""
"2026-07-02T07:06:06.884673Z","2026-07-02","DEFAULT","CASH","TRANSFER_INSTANT_INBOUND","","ROMEO TALLA FOTSING","","","","78.510000","","","EUR","","","","Incoming transfer from ROMEO TALLA FOTSING (DE16300209005310514271)","019f21a6-2ea4-7c9e-bb5c-e1dbddd2b6ea","ROMEO TALLA FOTSING","DE16300209005310514271","",""
"2026-07-02T10:11:22.781Z","2026-07-02","DEFAULT","TRADING","BUY","STOCK","Uranium Energy","US9168961038","8.4763940000","9.3200000000","-79.00","-1.00","","EUR","","","","Buy trade US9168961038 URANIUM ENERGY    DL-,001, quantity: 8.476394","4d8ad8b2-05d1-4fd0-bc6a-45636783a87c","","","",""
"2026-07-14T06:43:40.113067Z","2026-07-14","DEFAULT","CASH","TRANSFER_INSTANT_INBOUND","","ROMEO TALLA FOTSING","","","","102.000000","","","EUR","","","","Incoming transfer from ROMEO TALLA FOTSING (DE16300209005310514271)","019f5f5d-f1d1-7831-9de4-3a12646f3aa1","ROMEO TALLA FOTSING","DE16300209005310514271","",""
"2026-07-14T08:28:36.066Z","2026-07-14","DEFAULT","TRADING","BUY","STOCK","D-Wave Quantum","US26740W1099","6.0000000000","16.7400000000","-100.44","-1.00","","EUR","","","","Buy trade US26740W1099 D-WAVE QUATUM    DL-,0001, quantity: 6","0d3b17e9-76cf-4844-af39-421c3fe6d00a","","","",""
"2026-07-16T19:33:43.482037Z","2026-07-16","DEFAULT","CASH","TRANSFER_INSTANT_INBOUND","","ROMEO TALLA FOTSING","","","","51.000000","","","EUR","","","","Incoming transfer from ROMEO TALLA FOTSING (DE16300209005310514271)","019f6c6b-abba-71b8-8513-a452f53299d0","ROMEO TALLA FOTSING","DE16300209005310514271","",""
"2026-07-16T20:06:21.684Z","2026-07-16","DEFAULT","TRADING","BUY","FUND","Space Innovators USD (Acc)","IE000YU9K6K2","0.7138770000","70.0400000000","-50.00","-1.00","","EUR","","","","Buy trade IE000YU9K6K2 VanEck UCITS ETFs plc - VanEck Space Innovators UCITS ETF, quantity: 0.713877","11218e9a-2e52-44fb-bdad-5c1f931b7737","","","",""
"2026-07-16T20:11:08.914Z","2026-07-16","DEFAULT","TRADING","BUY","STOCK","Uranium Energy","US9168961038","10.0000000000","8.1850000000","-81.85","-1.00","","EUR","","","","Buy trade US9168961038 URANIUM ENERGY    DL-,001, quantity: 10","68a0fda3-93a9-4c93-8dc1-2db33734a50b","","","",""
"2026-07-16T20:14:15.096621Z","2026-07-16","DEFAULT","CASH","TRANSFER_INSTANT_INBOUND","","ROMEO TALLA FOTSING","","","","105.000000","","","EUR","","","","Incoming transfer from ROMEO TALLA FOTSING (DE16300209005310514271)","019f6c90-c638-73c0-99e0-7eabc3c28b61","ROMEO TALLA FOTSING","DE16300209005310514271","",""
"2026-07-16T20:10:17.885004Z","2026-07-16","DEFAULT","CASH","TRANSFER_INSTANT_INBOUND","","ROMEO TALLA FOTSING","","","","82.000000","","","EUR","","","","Incoming transfer from ROMEO TALLA FOTSING (DE16300209005310514271)","019f6c8d-279d-72af-87a3-1faa06f35019","ROMEO TALLA FOTSING","DE16300209005310514271","",""
"2026-07-16T20:14:23.340Z","2026-07-16","DEFAULT","TRADING","BUY","STOCK","D-Wave Quantum","US26740W1099","7.0000000000","14.8250000000","-103.78","-1.00","","EUR","","","","Buy trade US26740W1099 D-WAVE QUATUM    DL-,0001, quantity: 7","072c0e6e-24b9-44e4-927f-ceeef9838054","","","",""
"2026-07-17T05:43:05.534222Z","2026-07-17","DEFAULT","CASH","TRANSFER_INSTANT_INBOUND","","ROMEO TALLA FOTSING","","","","51.000000","","","EUR","","","","Incoming transfer from ROMEO TALLA FOTSING (DE16300209005310514271)","019f6e99-903e-7ff4-ad9e-7c2a86465506","ROMEO TALLA FOTSING","DE16300209005310514271","",""
"2026-07-17T05:43:18.022Z","2026-07-17","DEFAULT","TRADING","BUY","FUND","Quantum Computing USD (Acc)","IE0007Y8Y157","2.1172980000","23.6150000000","-50.00","-1.00","","EUR","","","","Buy trade IE0007Y8Y157 VanEck UCITS ETFs plc - VanEck Quantum Computing UCITS ETF, quantity: 2.117298","86bf07db-de43-44c2-9ccb-e873d3d487be","","","",""
"2026-07-17T16:44:58.468809Z","2026-07-17","DEFAULT","CASH","TRANSFER_INSTANT_INBOUND","","ROMEO TALLA FOTSING","","","","61.000000","","","EUR","","","","Incoming transfer from ROMEO TALLA FOTSING (DE16300209005310514271)","019f70f7-88e4-79b1-9a8a-8cfb7689ab1b","ROMEO TALLA FOTSING","DE16300209005310514271","",""
"2026-07-17T17:51:17.971Z","2026-07-17","DEFAULT","TRADING","BUY","STOCK","Netflix","US64110L1061","1.0000000000","60.2100000000","-60.21","-1.00","","EUR","","","","Buy trade US64110L1061 NETFLIX INC.      DL-,001, quantity: 1","f4d26144-7eff-483d-b0e4-3a686229f058","","","",""
"2026-07-23T20:01:31.316668Z","2026-07-23","DEFAULT","CASH","TRANSFER_INSTANT_INBOUND","","ROMEO TALLA FOTSING","","","","610.000000","","","EUR","","","","Incoming transfer from ROMEO TALLA FOTSING (DE16300209005310514271)","019f9091-a2b4-73e2-ab9c-3e4c6d96507d","ROMEO TALLA FOTSING","DE16300209005310514271","",""
"2026-07-23T20:04:43.061Z","2026-07-23","DEFAULT","TRADING","BUY","FUND","MSCI World Health Care USD (Acc)","IE00BM67HK77","7.5628660000","52.8900000000","-400.00","-1.00","","EUR","","","","Buy trade IE00BM67HK77 Xtrackers (IE) Plc - Xtrackers MSCI World Health Care UCITS ETF 1C, quantity: 7.562866","74f92c7e-e7c1-4591-a7dd-2ead11e044f4","","","",""
"2026-07-23T20:05:05.163Z","2026-07-23","DEFAULT","TRADING","BUY","STOCK","Nike (B)","US6541061031","5.7689640000","36.0550000000","-208.00","-1.00","","EUR","","","","Buy trade US6541061031 NIKE INC CL B, quantity: 5.768964","1aed9601-b1f4-40c8-a60c-c4d238bfea4a","","","",""
"2026-07-24T07:20:04.599466Z","2026-07-24","DEFAULT","CASH","TRANSFER_INSTANT_INBOUND","","ROMEO TALLA FOTSING","","","","101.000000","","","EUR","","","","Incoming transfer from ROMEO TALLA FOTSING (DE16300209005310514271)","019f92fe-def7-7c95-a352-5a75a272a749","ROMEO TALLA FOTSING","DE16300209005310514271","",""
"2026-07-24T07:25:57.073Z","2026-07-24","DEFAULT","TRADING","BUY","STOCK","Lufthansa","DE0008232125","11.6658880000","8.5720000000","-100.00","-1.00","","EUR","","","","Buy trade DE0008232125 LUFTHANSA AG VNA O.N., quantity: 11.665888","b5a1cf14-fd9e-4d36-aded-57056e1f4aab","","","",""
"2026-07-28T08:31:31.000466Z","2026-07-28","DEFAULT","CASH","TRANSFER_INSTANT_INBOUND","","ROMEO TALLA FOTSING","","","","56.000000","","","EUR","","","","Incoming transfer from ROMEO TALLA FOTSING (DE16300209005310514271)","019fa7d9-b6b8-7669-b532-8b8255a0de7a","ROMEO TALLA FOTSING","DE16300209005310514271","",""
"2026-07-28T08:31:44.717Z","2026-07-28","DEFAULT","TRADING","BUY","STOCK","DroneShield","AU000000DRO2","47.6190470000","1.1550000000","-55.00","-1.00","","EUR","","","","Buy trade AU000000DRO2 DRONESHIELD LTD, quantity: 47.619047","98782617-8dcf-42f9-bec8-3235c90816e1","","","",""
"2026-07-29T20:46:24.239251Z","2026-07-29","DEFAULT","CASH","TRANSFER_INSTANT_INBOUND","","ROMEO TALLA FOTSING","","","","51.000000","","","EUR","","","","Incoming transfer from ROMEO TALLA FOTSING (DE16300209005310514271)","019fafa0-e1ef-7d1f-8722-f0fd125da5b5","ROMEO TALLA FOTSING","DE16300209005310514271","",""
"2026-07-29T20:46:45.449Z","2026-07-29","DEFAULT","TRADING","BUY","FUND","New Energy EUR (Dist)","FR0010524777","1.2632640000","39.5800000000","-50.00","-1.00","","EUR","","","","Buy trade FR0010524777 MULTI UNITS FRANCE - Amundi MSCI New Energy UCITS ETF Dist, quantity: 1.263264","a9be735e-f484-446d-9239-a8a5e695e673","","","",""
"2026-07-29T20:50:19.236799Z","2026-07-29","DEFAULT","CASH","TRANSFER_INSTANT_INBOUND","","ROMEO TALLA FOTSING","","","","153.000000","","","EUR","","","","Incoming transfer from ROMEO TALLA FOTSING (DE16300209005310514271)","019fafa4-77e4-73fe-a67c-349d46391690","ROMEO TALLA FOTSING","DE16300209005310514271","",""
"2026-07-29T20:52:25.364267Z","2026-07-29","DEFAULT","CASH","TRANSFER_OUT","","Tene Klever Talla","","","","-51.000000","","","EUR","","","","Outgoing transfer for Tene Klever Talla (DE53100123454355905311)","019fafa6-6494-73fc-b859-dac7865ed09d","Tene Klever Talla","DE53100123454355905311","",""
"2026-07-29T20:50:41.832278Z","2026-07-29","DEFAULT","CASH","TRANSFER_OUT","","Fotsing Kydan Talla","","","","-51.000000","","","EUR","","","","Outgoing transfer for Fotsing Kydan Talla (DE67100123452517543211)","019fafa4-d028-7637-9e84-1417b0eab79e","Fotsing Kydan Talla","DE67100123452517543211","",""
"2026-07-29T20:51:44.859463Z","2026-07-29","DEFAULT","CASH","TRANSFER_OUT","","Guetsa Kheri Talla","","","","-51.000000","","","EUR","","","","Outgoing transfer for Guetsa Kheri Talla (DE93100123454609710911)","019fafa5-c65b-7da4-939d-67fbb8c00ad1","Guetsa Kheri Talla","DE93100123454609710911","",""
"2026-08-02T22:26:33.516100Z","2026-08-02","DEFAULT","CASH","CUSTOMER_INPAYMENT","","Roméo Talla Fotsing","","","","50.000000","","","EUR","","","","Direct Debit Top up with DE16300209005310514271","019fc496-03ac-790a-a6c3-ae4bf729956a","Roméo Talla Fotsing","DE16300209005310514271","",""
"2026-08-03T14:31:27.206Z","2026-08-03","DEFAULT","TRADING","BUY","FUND","MSCI World Health Care USD (Acc)","IE00BM67HK77","0.9536520000","52.4300000000","-50.00","","","EUR","","","","Savings plan execution IE00BM67HK77 Xtrackers (IE) Plc - Xtrackers MSCI World Health Care UCITS ETF 1C, quantity: 0.953652","f48317a2-9a05-442d-9eb8-faeae27f50e2","","","",""
"2026-08-04T20:54:07.134012Z","2026-08-04","DEFAULT","CASH","TRANSFER_INSTANT_INBOUND","","ROMEO TALLA FOTSING","","","","101.000000","","","EUR","","","","Incoming transfer from ROMEO TALLA FOTSING (DE16300209005310514271)","019fce8e-1a1e-7948-9fe0-dc41192b702c","ROMEO TALLA FOTSING","DE16300209005310514271","",""
"2026-08-04T20:54:15.849Z","2026-08-04","DEFAULT","TRADING","BUY","STOCK","Lufthansa","DE0008232125","11.7096010000","8.5400000000","-100.00","-1.00","","EUR","","","","Buy trade DE0008232125 LUFTHANSA AG VNA O.N., quantity: 11.709601","fab67c18-22ff-4b39-bc2e-a3305d889e15","","","",""
"2026-08-09T11:54:05.209158Z","2026-08-09","DEFAULT","CASH","TRANSFER_INSTANT_INBOUND","","ROMEO TALLA FOTSING","","","","26.000000","","","EUR","","","","Incoming transfer from ROMEO TALLA FOTSING (DE16300209005310514271)","019fe65f-7c19-7008-b7da-4d43c4244609","ROMEO TALLA FOTSING","DE16300209005310514271","",""
"2026-08-09T11:54:12.024Z","2026-08-09","DEFAULT","TRADING","BUY","CRYPTO","Polkadot","DOT","35.6135500000","0.7019800000","-25.00","-1.00","","EUR","","","","Buy trade XF000DOT0011 Polkadot, quantity: 35.61355","8676de09-e1a3-4627-96d7-795b0522b0ca","","","",""
"2026-08-12T05:52:48.485771Z","2026-08-12","DEFAULT","CASH","TRANSFER_INSTANT_INBOUND","","Romeo Talla Fotsing und Josiane Tefouemewe Tsamo","","","","73.000000","","","EUR","","","","Incoming transfer from Romeo Talla Fotsing und Josiane Tefouemewe Tsamo (DE04731500000040868242)","019ff487-cd65-7b2b-9dc1-87f14e84accf","Romeo Talla Fotsing und Josiane Tefouemewe Tsamo","DE04731500000040868242","",""
"2026-08-13T09:12:28.280Z","2026-08-13","DEFAULT","TRADING","BUY","FUND","Drone USD (ACC)","IE0003XW12I8","8.6311060000","5.7930000000","-50.00","-1.00","","EUR","","","","Buy trade IE0003XW12I8 HANetf II ICAV - Defiance Drone UCITS ETF - Accumulating, quantity: 8.631106","1c656477-06d8-41d8-8426-3c0520b828a5","","","",""
"2026-08-13T09:16:37.206Z","2026-08-13","DEFAULT","TRADING","BUY","CRYPTO","XRP","XRP","23.8914100000","0.8789770000","-21.00","-1.00","","EUR","","","","Buy trade XF000XRP0018 XRP, quantity: 23.89141","79aa3dfb-424c-406b-9e44-9ccb0a7b7b3f","","","",""
"2026-08-13T09:17:35.604896Z","2026-08-13","DEFAULT","CASH","TRANSFER_INSTANT_INBOUND","","Romeo Talla Fotsing und Josiane Tefouemewe Tsamo","","","","51.000000","","","EUR","","","","Incoming transfer from Romeo Talla Fotsing und Josiane Tefouemewe Tsamo (DE04731500000040868242)","019ffa69-a5f4-7db4-8261-9cd8e04fce61","Romeo Talla Fotsing und Josiane Tefouemewe Tsamo","DE04731500000040868242","",""
"2026-08-13T09:17:48.263Z","2026-08-13","DEFAULT","TRADING","BUY","CRYPTO","Chainlink","LINK","6.5981340000","7.5779000000","-50.00","-1.00","","EUR","","","","Buy trade XF000LINK010 Chainlink, quantity: 6.598134","a702207f-c830-407c-b22f-e998a9297267","","","",""
"2026-08-19T07:29:34.657386Z","2026-08-19","DEFAULT","CASH","TRANSFER_INSTANT_INBOUND","","ROMEO TALLA FOTSING","","","","51.000000","","","EUR","","","","Incoming transfer from ROMEO TALLA FOTSING (DE16300209005310514271)","01a018ec-e9c1-7285-8c8d-8f6ec60e257e","ROMEO TALLA FOTSING","DE16300209005310514271","",""
"2026-08-19T07:29:41.910Z","2026-08-19","DEFAULT","TRADING","BUY","STOCK","Lufthansa","DE0008232125","6.3532400000","7.8700000000","-50.00","-1.00","","EUR","","","","Buy trade DE0008232125 LUFTHANSA AG VNA O.N., quantity: 6.35324","edf8e741-d828-4e8f-852a-9fe291b77c51","","","",""
"2026-08-19T07:47:40.831740Z","2026-08-19","DEFAULT","CASH","TRANSFER_INSTANT_INBOUND","","Romeo Talla Fotsing und Josiane Tefouemewe Tsamo","","","","51.000000","","","EUR","","","","Incoming transfer from Romeo Talla Fotsing und Josiane Tefouemewe Tsamo (DE04731500000040868242)","01a018fd-7c9f-7808-b9b3-70b803a9782c","Romeo Talla Fotsing und Josiane Tefouemewe Tsamo","DE04731500000040868242","",""
"2026-08-19T19:48:10.746Z","2026-08-19","DEFAULT","TRADING","BUY","STOCK","DroneShield","AU000000DRO2","4.3233890000","1.1565000000","-5.00","-1.00","","EUR","","","","Buy trade AU000000DRO2 DRONESHIELD LTD, quantity: 4.323389","0c599dfa-d3f7-47e2-b295-e73dd0862ed5","","","",""
"2026-08-19T19:49:15.567685Z","2026-08-19","DEFAULT","CASH","TRANSFER_INSTANT_INBOUND","","ROMEO TALLA FOTSING","","","","6.000000","","","EUR","","","","Incoming transfer from ROMEO TALLA FOTSING (DE16300209005310514271)","01a01b92-1caf-79e0-9a3d-6f60e056d4d3","ROMEO TALLA FOTSING","DE16300209005310514271","",""
"2026-08-19T19:49:23.283Z","2026-08-19","DEFAULT","TRADING","BUY","STOCK","DroneShield","AU000000DRO2","43.2338950000","1.1565000000","-50.00","-1.00","","EUR","","","","Buy trade AU000000DRO2 DRONESHIELD LTD, quantity: 43.233895","a6bcb10a-3438-4589-b205-351f303952d1","","","",""
"2026-08-20T09:34:15.408840Z","2026-08-20","DEFAULT","CASH","TRANSFER_INSTANT_INBOUND","","ROMEO TALLA FOTSING","","","","91.000000","","","EUR","","","","Incoming transfer from ROMEO TALLA FOTSING (DE16300209005310514271)","01a01e85-6b70-746e-843a-aa306aab5c0b","ROMEO TALLA FOTSING","DE16300209005310514271","",""
"2026-08-20T09:36:46.289Z","2026-08-20","DEFAULT","TRADING","BUY","STOCK","DroneShield","AU000000DRO2","64.6244220000","1.1915000000","-77.00","-1.00","","EUR","","","","Buy trade AU000000DRO2 DRONESHIELD LTD, quantity: 64.624422","a085a22c-2692-4aa1-b364-2dec2f123cd6","","","",""
"2026-08-20T09:39:33.237Z","2026-08-20","DEFAULT","TRADING","BUY","CRYPTO","XRP","XRP","12.1529200000","0.9873480000","-12.00","-1.00","","EUR","","","","Buy trade XF000XRP0018 XRP, quantity: 12.15292","5f3ba52c-e81f-46b9-b8f8-475c74a6235a","","","",""
"2026-08-21T05:56:39.372771Z","2026-08-21","DEFAULT","CASH","TRANSFER_INSTANT_INBOUND","","ROMEO TALLA FOTSING","","","","34.000000","","","EUR","","","","Incoming transfer from ROMEO TALLA FOTSING (DE16300209005310514271)","01a022e4-8f4c-7769-845b-724b16a6969e","ROMEO TALLA FOTSING","DE16300209005310514271","",""
"2026-08-21T05:56:47.635Z","2026-08-21","DEFAULT","TRADING","BUY","STOCK","DroneShield","AU000000DRO2","29.3986630000","1.1225000000","-33.00","-1.00","","EUR","","","","Buy trade AU000000DRO2 DRONESHIELD LTD, quantity: 29.398663","dc908105-bc72-4289-bad8-d326a46ed6b8","","","",""
"2026-08-24T12:26:25.143564Z","2026-08-24","DEFAULT","CASH","TRANSFER_INSTANT_INBOUND","","Romeo Talla Fotsing und Josiane Tefouemewe Tsamo","","","","401.000000","","","EUR","","","","Incoming transfer from Romeo Talla Fotsing und Josiane Tefouemewe Tsamo (DE04731500000040868242)","01a033bc-79f7-70b3-9d6f-4266773e6917","Romeo Talla Fotsing und Josiane Tefouemewe Tsamo","DE04731500000040868242","",""
"2026-08-24T13:37:08.331Z","2026-08-24","DEFAULT","TRADING","BUY","FUND","MSCI World Consumer Staples USD (Acc)","IE00BM67HN09","8.3333330000","47.9950000000","-399.96","-1.00","","EUR","","","","Buy trade IE00BM67HN09 Xtrackers (IE) Plc - Xtrackers MSCI World Consumer Staples UCITS ETF 1C, quantity: 8.333333","e12245ee-66e8-46a1-b6f1-14a48d89a8fd","","","",""
"2026-08-26T05:44:12.176388Z","2026-08-26","DEFAULT","CASH","TRANSFER_INSTANT_INBOUND","","ROMEO TALLA FOTSING","","","","51.000000","","","EUR","","","","Incoming transfer from ROMEO TALLA FOTSING (DE16300209005310514271)","01a03c98-f490-759d-b57f-71a2579f75be","ROMEO TALLA FOTSING","DE16300209005310514271","",""
"2026-08-26T05:45:39.382Z","2026-08-26","DEFAULT","TRADING","BUY","STOCK","DroneShield","AU000000DRO2","46.1041950000","1.0845000000","-50.00","-1.00","","EUR","","","","Buy trade AU000000DRO2 DRONESHIELD LTD, quantity: 46.104195","cebfd72c-1354-409f-967f-4132b08561d1","","","",""
"2026-09-02T01:52:30.541331Z","2026-09-02","DEFAULT","CASH","CUSTOMER_INPAYMENT","","Roméo Talla Fotsing","","","","50.000000","","","EUR","","","","Direct Debit Top up with DE16300209005310514271","01a05fd1-594d-7475-88a2-6f77725e5253","Roméo Talla Fotsing","DE16300209005310514271","",""
"2026-09-02T14:17:57.839Z","2026-09-02","DEFAULT","TRADING","BUY","FUND","MSCI World Health Care USD (Acc)","IE00BM67HK77","0.9074410000","55.1000000000","-50.00","","","EUR","","","","Savings plan execution IE00BM67HK77 Xtrackers (IE) Plc - Xtrackers MSCI World Health Care UCITS ETF 1C, quantity: 0.907441","2d8c0e21-1c74-476a-8350-201be9299b33","","","",""
